"Location","Station_Number","Depth","Time_Range","Population","Sample_Type","VP","abs_VP","VP_SE","VP_R_Squared","VP_Method","B_0","B_OS","V_OS","c_VP","c_abs_VP","c_VP_SE","P_Cells_BS_10","Rate_BS_10","P_BP_Lysed_BS_10","P_B_Loss_BS_10","P_Cells_BS_25","Rate_BS_25","P_BP_Lysed_BS_25","P_B_Loss_BS_25","P_Cells_BS_40","Rate_BS_40","P_BP_Lysed_BS_40","P_B_Loss_BS_40","V_TT","DOC_V","DON_V","DOP_V","DOC_B_BS_10","Total_DOC_BS_10","DON_B_BS_10","Total_DON_BS_10","DOP_B_BS_10","Total_DOP_BS_10","DOC_B_BS_25","Total_DOC_BS_25","DON_B_BS_25","Total_DON_BS_25","DOP_B_BS_25","Total_DOP_BS_25","DOC_B_BS_40","Total_DOC_BS_40","DON_B_BS_40","Total_DON_BS_40","DOP_B_BS_40","Total_DOP_BS_40"
"PE477",1,7,"T0_T24","c_Viruses","VP",44166.6666666667,653351.351351353,12983.6605317169,NA,"VIPCAL_SE",249480.343980344,1053212.521,33559719.93,186455.115469264,2758204.5658464,54812.1492148301,110.557991136316,18645.5115469264,6.90574501738014,42.4883172392738,44.2231964545265,7458.20461877056,2.76229800695206,16.9953268957095,27.6394977840791,4661.3778867316,1.72643625434504,10.6220793098185,0.00555591989021894,6.18998476633175e-12,2.4424451546439e-12,8.86295027545681e-13,3.54264719391601e-10,3.60454704157933e-10,9.3227557734632e-11,9.56700028892759e-11,1.49164092375411e-11,1.58027042650868e-11,1.41705887756641e-10,1.47895872522972e-10,3.72910230938528e-11,3.97334682484967e-11,5.96656369501644e-12,6.85285872256213e-12,8.85661798479004e-11,9.47561646142321e-11,2.3306889433658e-11,2.57493345883019e-11,3.72910230938528e-12,4.61539733693096e-12
"PE477",2,7,"T0_T24","c_Viruses","VP",137535.947712419,825215.686274512,89203.7856245857,NA,"VIPCAL_SE",297879.411764706,1314415.157,20867792.42,606887.643676295,3641325.86205776,393618.367889588,122.241609129201,60688.7643676295,22.4773201361591,110.812047249019,48.8966436516805,24275.5057470518,8.99092805446362,44.3248188996076,30.5604022823003,15172.1910919074,5.61933003403976,27.7030118122548,0.0290825033842413,2.01476117175798e-11,7.94984777424767e-12,2.88477738739156e-12,1.15308652298496e-09,1.17323413470254e-09,3.03443821838147e-10,3.11393669612395e-10,4.85510114941036e-11,5.14357888814951e-11,4.61234609193984e-10,4.81382220911564e-10,1.21377528735259e-10,1.29327376509507e-10,1.94204045976414e-11,2.2305181985033e-11,2.8827163074624e-10,3.0841924246382e-10,7.58609554595368e-11,8.38108032337845e-11,1.21377528735259e-11,1.50225302609175e-11
"PE477",3,7,"T0_T24","c_Viruses","VP",58954.2483660132,176862.74509804,21896.3719184628,NA,"VIPCAL_SE",259754.901960784,722446.458,37050247.12,163967.215227024,491901.645681074,60899.5488290432,18.9371458235401,16396.7215227024,6.07285982322313,54.4706548405361,7.57485832941606,6558.68860908098,2.42914392928925,21.7882619362144,4.73428645588504,4099.18038067561,1.51821495580578,13.617663710134,0.00442553634516823,5.44342568386348e-12,2.14786775543156e-12,7.7940112916977e-13,3.11537708931346e-10,3.1698113461521e-10,8.19836076135122e-11,8.41314753689437e-11,1.3117377218162e-11,1.38967783473317e-11,1.24615083572539e-10,1.30058509256402e-10,3.27934430454049e-11,3.49413108008364e-11,5.24695088726478e-12,6.02635201643455e-12,7.78844272328366e-11,8.33278529167001e-11,2.0495901903378e-11,2.26437696588096e-11,3.27934430454049e-12,4.05874543371026e-12
"PE477",4,7,"T0_T24","c_Viruses","VP",0,0,0,NA,"VIPCAL_SE",221618.06621355,867009.8847,39775947.28,0,0,NA,0,0,0,0,0,0,0,0,0,0,0,0,0,0,0,0,0,0,0,0,0,0,0,0,0,0,0,0,0,0,0,0,0,0
"PE477",5,7,"T0_T24","c_Viruses","VP",62681.2498616414,1286144.05637858,18930.6411722581,NA,"VIPCAL_SE",566087.354131791,1562891.269,54172981.88,173054.524931076,3550871.25991928,52264.9615624624,62.7265603798067,17305.4524931076,6.40942684929911,26.5745204463473,25.0906241519227,6922.18099724303,2.56377073971964,10.6298081785389,15.6816400949517,4326.3631232769,1.60235671232478,6.64363011158683,0.00319448032811658,5.74510852315404e-12,2.26690581721682e-12,8.22596712107778e-13,3.28803597369044e-10,3.34548705892198e-10,8.65272624655379e-11,8.87941682827547e-11,1.38443619944861e-11,1.46669587065938e-11,1.31521438947618e-10,1.37266547470772e-10,3.46109049862152e-11,3.6877810803432e-11,5.53774479779443e-12,6.36034150990221e-12,8.2200899342261e-11,8.79460078654151e-11,2.16318156163845e-11,2.38987214336013e-11,3.46109049862152e-12,4.2836872107293e-12
"PE477",6,7,"T0_T24","c_Viruses","VP",36794.871794872,496923.076923077,25838.9217342516,NA,"VIPCAL_SE",271965.811965812,865156.5074,36079077.43,117048.986937681,1580773.07794582,82196.7699579725,58.1239629540104,11704.8986937681,4.33514766435857,32.470144563168,23.2495851816041,4681.95947750725,1.73405906574343,12.9880578252672,14.5309907385026,2926.22467344203,1.08378691608964,8.117536140792,0.00324423447813425,3.88582230224865e-12,1.53326837015123e-12,5.5638020357359e-13,2.22393075181595e-10,2.26278897483843e-10,5.85244934688407e-11,6.00577618389919e-11,9.36391895501451e-12,9.9202991585881e-12,8.89572300726378e-11,9.28430523748865e-11,2.34097973875363e-11,2.49430657576875e-11,3.7455675820058e-12,4.30194778557939e-12,5.55982687953986e-11,5.94840910976473e-11,1.46311233672102e-11,1.61643917373614e-11,2.34097973875363e-12,2.89735994232722e-12
"PE486",1,7,"T0_T24","c_Viruses","VP",81506.2597809072,807276.995305163,40004.518758805,NA,"VIPCAL_SE",472535.211267606,911243.8221,20372940.69,157177.865091979,1556764.78102429,77145.2998756532,32.9449476759238,15717.7865091979,5.82140241081402,41.3969200198706,13.1779790703695,6287.11460367914,2.32856096432561,16.5587680079482,8.23623691898095,3929.44662729947,1.45535060270351,10.3492300049676,0.00771503080893613,5.21803109598394e-12,2.05893152378788e-12,7.47128658394091e-13,2.98637943674759e-10,3.03855974770743e-10,7.85889325459893e-11,8.06478640697772e-11,1.25742292073583e-11,1.33213578657524e-11,1.19455177469904e-10,1.24673208565888e-10,3.14355730183957e-11,3.34945045421836e-11,5.02969168294332e-12,5.77682034133741e-12,7.46594859186898e-11,7.98775170146738e-11,1.96472331364973e-11,2.17061646602852e-11,3.14355730183957e-12,3.89068596023366e-12
"PE486",2,7,"T0_T24","c_Viruses","VP",306319.770474699,3219624.41314553,157570.822584479,NA,"VIPCAL_SE",412300.469483568,1128088.962,22428953.87,838116.804348323,8809164.75017488,431127.099887756,213.658858094654,83811.6804348323,31.041363124012,178.308661656418,85.4635432378615,33524.6721739329,12.4165452496048,71.3234646625671,53.4147145236634,20952.9201087081,7.76034078100299,44.5771654141045,0.0373676279868475,2.78240167252369e-11,1.0978804859573e-11,3.98390118891023e-12,1.59242192826181e-09,1.62024594498705e-09,4.19058402174162e-10,4.30037207033735e-10,6.70493443478659e-11,7.10332455367761e-11,6.36968771304726e-10,6.64792788029963e-10,1.67623360869665e-10,1.78602165729238e-10,2.68197377391463e-11,3.08036389280566e-11,3.98105482065454e-10,4.25929498790691e-10,1.0476460054354e-10,1.15743405403113e-10,1.67623360869665e-11,2.07462372758767e-11
"PE486",3,7,"T0_T24","c_Viruses","VP",385555.555555556,1156666.66666667,234838.668059574,NA,"VIPCAL_SE",421541.666666667,926688.6326,42011738.06,847579.204671214,2542737.61401365,516253.413112342,60.3199592135293,84757.9204671214,31.3918223952302,219.511712958387,24.1279836854117,33903.1681868486,12.5567289580921,87.8046851833548,15.0799898033823,21189.4801167804,7.84795559880754,54.8779282395968,0.0201748188437414,2.81381519191371e-11,1.11027563733825e-11,4.02887972615078e-12,1.61040048887531e-09,1.63853864079444e-09,4.23789602335607e-10,4.3489235870899e-10,6.78063363736971e-11,7.18352160998479e-11,6.44160195550123e-10,6.7229834746926e-10,1.69515840934243e-10,1.80618597307625e-10,2.71225345494789e-11,3.11514142756296e-11,4.02600122218827e-10,4.30738274137964e-10,1.05947400583902e-10,1.17050156957284e-10,1.69515840934243e-11,2.09804638195751e-11
"PE486",4,7,"T0_T24","c_Viruses","VP",73527.7777777778,441166.666666667,31450.8538624729,NA,"VIPCAL_SE",223250,794913.5091,13643945.63,261806.153861851,1570836.92317111,111985.256922775,70.3622362002737,26180.6153861851,9.69652421710561,79.0444195595371,28.1448944801095,10472.2461544741,3.87860968684224,31.6177678238149,17.5905590500684,6545.15384654629,2.4241310542764,19.7611048898843,0.0191884489253752,8.69150787339976e-12,3.42949653243085e-12,1.24446836314807e-12,4.97431692337518e-10,5.06123200210918e-10,1.30903076930926e-10,1.34332573463357e-10,2.09444923089481e-11,2.21889606720962e-11,1.98972676935007e-10,2.07664184808407e-10,5.23612307723703e-11,5.57907273048012e-11,8.37779692357925e-12,9.62226528672731e-12,1.24357923084379e-10,1.33049430957779e-10,3.27257692327314e-11,3.61552657651623e-11,5.23612307723703e-12,6.4805914403851e-12
"PE486",5,7,"T0_T24","c_Viruses","VP",0,0,0,NA,"VIPCAL_SE",295000,759699.341,18433072.49,0,0,NA,0,0,0,0,0,0,0,0,0,0,0,0,0,0,0,0,0,0,0,0,0,0,0,0,0,0,0,0,0,0,0,0,0,0
"PE486",6,7,"T0_T24","c_Viruses","VP",63222.2222222222,189666.666666667,59262.057564823,NA,"VIPCAL_SE",353375,1253191.928,39722199.34,224208.216651181,672624.649953544,210164.081151489,19.0343020857034,22420.8216651181,8.30400802411781,42.9383327437802,7.61372083428137,8968.32866604724,3.32160320964713,17.1753330975121,4.75857552142585,5605.20541627952,2.07600200602945,10.7345831859451,0.00564440590844638,7.44332190653143e-12,2.93698711892567e-12,1.06575047325845e-12,4.25995611637244e-10,4.33438933543775e-10,1.12104108325591e-10,1.15041095444516e-10,1.79366573320945e-11,1.90024078053529e-11,1.70398244654898e-10,1.77841566561429e-10,4.48416433302362e-11,4.77786304491619e-11,7.17466293283779e-12,8.24041340609624e-12,1.06498902909311e-10,1.13942224815842e-10,2.80260270813976e-11,3.09630142003233e-11,4.48416433302362e-12,5.54991480628207e-12
"PE486",7,7,"T0_T24","c_Viruses","VP",164023.394132733,492070.1823982,49689.73751813,NA,"VIPCAL_SE",232729.196109059,1153356.672,38603377.27,812865.249181814,2438595.74754545,246251.829399213,104.78254504874,81286.5249181814,30.1061203400672,169.147727272726,41.913018019496,32514.6099672726,12.0424481360269,67.6590909090906,26.195636262185,20321.6312295454,7.5265300850168,42.2869318181816,0.0210568428636818,2.69857091174596e-11,1.06480253129328e-11,3.86387054386439e-12,1.54444397344545e-09,1.57142968256291e-09,4.06432624590907e-10,4.1708064990384e-10,6.50292199345451e-11,6.88930904784095e-11,6.17777589378179e-10,6.44763298495638e-10,1.62573049836363e-10,1.73221075149296e-10,2.60116879738181e-11,2.98755585176824e-11,3.86110993361362e-10,4.13096702478821e-10,1.01608156147727e-10,1.1225618146066e-10,1.62573049836363e-11,2.01211755275007e-11
"PE477",1,7,"T0_T24","c_Viruses","Diff",0,0,0,NA,"VIPCAL_SE",249480.343980344,1053212.521,33559719.93,0,0,NA,0,0,0,0,0,0,0,0,0,0,0,0,0,0,0,0,0,0,0,0,0,0,0,0,0,0,0,0,0,0,0,0,0,0
"PE477",2,7,"T0_T24","c_Viruses","Diff",0,0,0,NA,"VIPCAL_SE",297879.411764706,1314415.157,20867792.42,0,0,NA,0,0,0,0,0,0,0,0,0,0,0,0,0,0,0,0,0,0,0,0,0,0,0,0,0,0,0,0,0,0,0,0,0,0
"PE477",3,7,"T0_T24","c_Viruses","Diff",328366.013071894,985098.039215683,227661.191483767,NA,"VIPCAL_SE",259754.901960784,722446.458,37050247.12,913271.939357611,2739815.81807284,633185.438157152,105.476962990538,91327.1939357611,33.8248866428745,303.393093036421,42.1907851962151,36530.8775743044,13.5299546571498,121.357237214568,26.3692407476344,22831.7984839403,8.45622166071862,75.8482732591052,0.024649550552245,3.03190361815188e-11,1.19632900258183e-11,4.34114331812517e-12,1.73521668477946e-09,1.76553572096098e-09,4.56635969678806e-10,4.68599259704624e-10,7.30617551486089e-11,7.74028984667341e-11,6.94086673911785e-10,7.24405710093303e-10,1.82654387871522e-10,1.94617677897341e-10,2.92247020594436e-11,3.35658453775687e-11,4.33804171194865e-10,4.64123207376384e-10,1.14158992419701e-10,1.2612228244552e-10,1.82654387871522e-11,2.26065821052774e-11
"PE477",4,7,"T0_T24","c_Viruses","Diff",201685.424736291,1539965.48959421,127481.588983995,NA,"VIPCAL_SE",221618.06621355,867009.8847,39775947.28,789029.792714576,6024623.01195471,498730.990910653,271.847106821581,78902.9792714576,29.2233256560954,218.414061469463,108.738842728633,31561.191708583,11.6893302624382,87.3656245877853,67.9617767053954,19725.7448178644,7.30583141402385,54.6035153673658,0.0198368573640813,2.6194413517661e-11,1.0335795771734e-11,3.75057117692009e-12,1.49915660615769e-09,1.52535101967535e-09,3.94514896357288e-10,4.04850692129022e-10,6.31223834171660e-11,6.68729545940861e-11,5.99662642463077e-10,6.25857055980738e-10,1.57805958542915e-10,1.68141754314649e-10,2.52489533668664e-11,2.89995245437865e-11,3.74789151539423e-10,4.00983565057084e-10,9.8628724089322e-11,1.08964519861056e-10,1.57805958542915e-11,1.95311670312116e-11
"PE477",5,7,"T0_T24","c_Viruses","Diff",0,0,0,NA,"VIPCAL_SE",566087.354131791,1562891.269,54172981.88,0,0,NA,0,0,0,0,0,0,0,0,0,0,0,0,0,0,0,0,0,0,0,0,0,0,0,0,0,0,0,0,0,0,0,0,0,0
"PE477",6,7,"T0_T24","c_Viruses","Diff",192735.042735043,578205.12820513,91264.0349115488,NA,"VIPCAL_SE",271965.811965812,865156.5074,36079077.43,613113.741102138,1839341.22330642,290322.056013543,67.6313397633095,61311.3741102138,22.7079163371162,170.081709616594,27.0525359053238,24524.5496440855,9.08316653484649,68.0326838466374,16.9078349408274,15327.8435275534,5.67697908427905,42.5204274041484,0.0169936091711793,2.03543072974928e-11,8.03140574841116e-12,2.91437249490927e-12,1.16491610809406e-09,1.18527041539155e-09,3.06556870551069e-10,3.1458827629948e-10,4.9049099288171e-11,5.19634717830803e-11,4.65966443237625e-10,4.86320750535118e-10,1.22622748220428e-10,1.30654153968839e-10,1.96196397152684e-11,2.25340122101777e-11,2.91229027023515e-10,3.11583334321008e-10,7.66392176377672e-11,8.46706233861784e-11,1.22622748220428e-11,1.5176647316952e-11
"PE486",1,7,"T0_T24","c_Viruses","Diff",0,0,0,NA,"VIPCAL_SE",472535.211267606,911243.8221,20372940.69,0,0,NA,0,0,0,0,0,0,0,0,0,0,0,0,0,0,0,0,0,0,0,0,0,0,0,0,0,0,0,0,0,0,0,0,0,0
"PE486",2,7,"T0_T24","c_Viruses","Diff",0,0,0,NA,"VIPCAL_SE",412300.469483568,1128088.962,22428953.87,0,0,NA,0,0,0,0,0,0,0,0,0,0,0,0,0,0,0,0,0,0,0,0,0,0,0,0,0,0,0,0,0,0,0,0,0,0
"PE486",3,7,"T0_T24","c_Viruses","Diff",0,0,0,NA,"VIPCAL_SE",421541.666666667,926688.6326,42011738.06,0,0,NA,0,0,0,0,0,0,0,0,0,0,0,0,0,0,0,0,0,0,0,0,0,0,0,0,0,0,0,0,0,0,0,0,0,0
"PE486",4,7,"T0_T24","c_Viruses","Diff",0,0,0,NA,"VIPCAL_SE",223250,794913.5091,13643945.63,0,0,NA,0,0,0,0,0,0,0,0,0,0,0,0,0,0,0,0,0,0,0,0,0,0,0,0,0,0,0,0,0,0,0,0,0,0
"PE486",5,7,"T0_T24","c_Viruses","Diff",0,0,0,NA,"VIPCAL_SE",295000,759699.341,18433072.49,0,0,NA,0,0,0,0,0,0,0,0,0,0,0,0,0,0,0,0,0,0,0,0,0,0,0,0,0,0,0,0,0,0,0,0,0,0
"PE486",6,7,"T0_T24","c_Viruses","Diff",142138.888888889,426416.666666666,128988.668966859,NA,"VIPCAL_SE",353375,1253191.928,39722199.34,504074.448420077,1512223.34526023,457439.147513921,42.7937274923304,50407.4448420077,18.6694240155584,96.5357858743074,17.1174909969322,20162.9779368031,7.46776960622336,38.6143143497229,10.6984318730826,12601.8612105019,4.6673560038896,24.1339464685768,0.012689993424218,1.67343928803697e-11,6.60305935305039e-12,2.39606554115267e-12,9.57741451998146e-10,9.74475844878515e-10,2.52037224210038e-10,2.58640283563089e-10,4.03259558736061e-11,4.27220214147588e-11,3.83096580799258e-10,3.99830973679628e-10,1.00814889684015e-10,1.07417949037066e-10,1.61303823494425e-11,1.85264478905951e-11,2.39435362999536e-10,2.56169755879906e-10,6.30093060525096e-11,6.961236540556e-11,1.00814889684015e-11,1.24775545095542e-11
"PE486",7,7,"T0_T24","c_Viruses","Diff",204078.821588059,612236.464764177,100202.650015862,NA,"VIPCAL_SE",232729.196109059,1153356.672,38603377.27,1011371.47563637,3034114.42690912,496583.139889843,130.371026825844,101137.147563637,37.4582028013472,210.454545454547,52.1484107303376,40454.8590254549,14.9832811205389,84.181818181819,32.592756706461,25284.2868909093,9.36455070033679,52.6136363636369,0.0261990413057032,3.35757697585058e-11,1.32483324686274e-11,4.80744927594018e-12,1.92160580370911e-09,1.95518157346761e-09,5.05685737818187e-10,5.18934070286814e-10,8.09097180509099e-11,8.571716732685e-11,7.68642321483644e-10,8.0221809124215e-10,2.02274295127275e-10,2.15522627595902e-10,3.23638872203639e-11,3.71713364963041e-11,4.80401450927277e-10,5.13977220685783e-10,1.26421434454547e-10,1.39669766923174e-10,2.02274295127275e-11,2.50348787886676e-11
"PE477",1,7,NA,"c_Viruses","VP",31032.2822822823,NA,NA,NA,"LM_Supervised",249480.343980344,1053212.521,33559719.93,131006.666631345,NA,NA,NA,13100.6666631345,4.85209876412389,29.8530442475843,NA,5240.2666652538,1.94083950564955,11.9412176990337,NA,3275.16666578362,1.21302469103097,7.46326106189607,0.00390368772160802,4.34919293415474e-12,1.7161052263676e-12,6.22726584456922e-13,2.48912666599555e-10,2.5326185953371e-10,6.55033333156725e-11,6.72194385420401e-11,1.04805333305076e-11,1.11032599149645e-11,9.95650666398222e-11,1.03914259573977e-10,2.6201333326269e-11,2.79174385526366e-11,4.19221333220304e-12,4.81493991665996e-12,6.22281666498889e-11,6.65773595840436e-11,1.63758333289181e-11,1.80919385552857e-11,2.6201333326269e-12,3.24285991708382e-12
"PE477",1,7,NA,"c_Viruses","Diff",-5974.69420640153,NA,NA,NA,"LM_Supervised",249480.343980344,1053212.521,33559719.93,-25222.9199580711,NA,NA,NA,-2522.29199580711,-0.934182220669299,-5.74765364941674,NA,-1008.91679832284,-0.373672888267719,-2.2990614597667,NA,-630.572998951777,-0.233545555167325,-1.43691341235419,-0.000751583148211066,-8.37356968779986e-13,-3.30404443356326e-13,-1.1989453055637e-13,-4.7923547920335e-11,-4.8760904889115e-11,-1.26114599790355e-11,-1.29418644223919e-11,-2.01783359664569e-12,-2.13772812720205e-12,-1.9169419168134e-11,-2.0006776136914e-11,-5.04458399161421e-12,-5.37498843497054e-12,-8.07133438658274e-13,-9.27027969214644e-13,-1.19808869800838e-11,-1.28182439488637e-11,-3.15286499475888e-12,-3.48326943811521e-12,-5.04458399161421e-13,-6.24352929717791e-13
"PE477",2,7,NA,"c_Viruses","VP",22356.2091503269,NA,NA,NA,"LM_Supervised",297879.411764706,1314415.157,20867792.42,98648.4429594051,NA,NA,NA,9864.84429594051,3.65364603553352,18.0122894841643,NA,3945.9377183762,1.46145841421341,7.2049157936657,NA,2466.21107398513,0.91341150888338,4.50307237104106,0.00472730612677836,3.27495632181636e-12,1.29223277630633e-12,4.68915128716096e-13,1.8743204162287e-10,1.90706997944686e-10,4.93242214797025e-11,5.06164542560089e-11,7.89187543675241e-12,8.3607905654685e-12,7.49728166491479e-11,7.82477729709642e-11,1.9729688591881e-11,2.10219213681873e-11,3.15675017470096e-12,3.62566530341706e-12,4.68580104057174e-11,5.01329667275338e-11,1.23310553699256e-11,1.3623288146232e-11,1.9729688591881e-12,2.4418839879042e-12
"PE477",2,7,NA,"c_Viruses","Diff",26177.741466957,NA,NA,NA,"LM_Supervised",297879.411764706,1314415.157,20867792.42,115511.23978778,NA,NA,NA,11551.123978778,4.27819406621406,21.0912795713197,NA,4620.44959151119,1.71127762648563,8.4365118285279,NA,2887.78099469449,1.06954851655352,5.27281989282993,0.00553538378487377,3.83477177779183e-12,1.51312484624794e-12,5.49070682195481e-13,2.19471355596781e-10,2.23306127374573e-10,5.77556198938898e-11,5.92687447401378e-11,9.24089918302237e-12,9.78996986521785e-12,8.77885422387126e-11,9.16233140165044e-11,2.31022479575559e-11,2.46153728038039e-11,3.69635967320895e-12,4.24543035540443e-12,5.48678388991953e-11,5.87026106769872e-11,1.44389049734725e-11,1.59520298197204e-11,2.31022479575559e-12,2.85929547795107e-12
"PE477",3,7,NA,"c_Viruses","VP",24869.281045752,NA,NA,NA,"LM_Supervised",259754.901960784,722446.458,37050247.12,69167.9882415561,NA,NA,NA,6916.79882415561,2.56177734227985,22.9779203623329,NA,2766.71952966224,1.02471093691194,9.19116814493315,NA,1729.1997060389,0.640444335569964,5.74448009058322,0.00186686982188086,2.2962566216298e-12,9.06057295944255e-13,3.28782848834924e-13,1.31419177658957e-10,1.33715434280586e-10,3.4583994120778e-11,3.54900514167223e-11,5.53343905932449e-12,5.86222190815941e-12,5.25676710635826e-11,5.48639276852124e-11,1.38335976483112e-11,1.47396549442555e-11,2.21337562372979e-12,2.54215847256472e-12,3.28547944147391e-11,3.51510510363689e-11,8.64599853019451e-12,9.55205582613876e-12,1.38335976483112e-12,1.71214261366605e-12
"PE477",3,7,NA,"c_Viruses","Diff",4790.84967320222,NA,NA,NA,"LM_Supervised",259754.901960784,722446.458,37050247.12,13324.6085101329,NA,NA,NA,1332.46085101329,0.493504018893811,4.42649556520062,NA,532.984340405316,0.197401607557524,1.77059822608025,NA,333.115212753323,0.123376004723453,1.10662389130016,0.000359636157539694,4.42353772313924e-13,1.74544020480177e-13,6.33371427584693e-14,2.53167561692525e-11,2.57591099415664e-11,6.66230425506645e-12,6.83684827554663e-12,1.06596868081063e-12,1.1293058235691e-12,1.0126702467701e-11,1.05690562400149e-11,2.66492170202658e-12,2.83946572250676e-12,4.26387472324253e-13,4.89724615082722e-13,6.32918904231313e-12,6.77154281462705e-12,1.66557606376661e-12,1.84012008424679e-12,2.66492170202658e-13,3.29829312961127e-13
"PE477",4,7,NA,"c_Viruses","VP",-40075.719861243,NA,NA,NA,"LM_Supervised",221618.06621355,867009.8847,39775947.28,-156783.451141049,NA,NA,NA,-15678.3451141049,-5.80679448670551,-43.3997684892273,NA,-6271.33804564195,-2.3227177946822,-17.3599073956909,NA,-3919.58627852622,-1.45169862167638,-10.8499421223068,-0.00394166479650082,-5.20493724043731e-12,-2.05376494822384e-12,-7.45253852639237e-13,-2.97888557167993e-10,-3.0309349440843e-10,-7.83917255705243e-11,-8.04454905187482e-11,-1.25426760912839e-11,-1.32879299439231e-11,-1.19155422867197e-10,-1.24360360107634e-10,-3.13566902282097e-11,-3.34104551764336e-11,-5.01707043651356e-12,-5.7623242891528e-12,-7.44721392919981e-11,-7.96770765324354e-11,-1.95979313926311e-11,-2.16516963408549e-11,-3.13566902282097e-12,-3.88092287546021e-12
"PE477",4,7,NA,"c_Viruses","Diff",130418.857116145,NA,NA,NA,"LM_Supervised",221618.06621355,867009.8847,39775947.28,510222.114121405,NA,NA,NA,51022.2114121405,18.8971153378298,141.236345225185,NA,20408.8845648562,7.55884613513193,56.4945380900741,NA,12755.5528530351,4.72427883445746,35.3090863062963,0.012827403217571,1.69384846637673e-11,6.68358992077867e-12,2.42528783161324e-12,9.6942201683067e-10,9.86360501494437e-10,2.55111057060703e-10,2.61794646981481e-10,4.08177691297124e-11,4.32430569613257e-11,3.87768806732268e-10,4.04707291396035e-10,1.02044422824281e-10,1.0872801274506e-10,1.6327107651885e-11,1.87523954834982e-11,2.42355504207668e-10,2.59293988871435e-10,6.37777642651757e-11,7.04613541859543e-11,1.02044422824281e-11,1.26297301140413e-11
"PE477",5,7,NA,"c_Viruses","VP",48711.1587446625,NA,NA,NA,"LM_Supervised",566087.354131791,1562891.269,54172981.88,134484.9768313,NA,NA,NA,13448.49768313,4.98092506782594,20.6517209992246,NA,5379.39907325201,1.99237002713038,8.26068839968984,NA,3362.12442078251,1.24523126695648,5.16293024980615,0.00248251014000303,4.46466676868115e-12,1.76166891000721e-12,6.39260370761058e-13,2.55521455979471e-10,2.59986122748152e-10,6.72424884156502e-11,6.90041573256574e-11,1.0758798146504e-11,1.13980585172651e-11,1.02208582391788e-10,1.06673249160469e-10,2.68969953662601e-11,2.86586642762673e-11,4.30351925860161e-12,4.94277962936267e-12,6.38803639948677e-11,6.83450307635488e-11,1.68106221039125e-11,1.85722910139198e-11,2.68969953662601e-12,3.32895990738707e-12
"PE477",5,7,NA,"c_Viruses","Diff",7554.06548035677,NA,NA,NA,"LM_Supervised",566087.354131791,1562891.269,54172981.88,20855.7617451304,NA,NA,NA,2085.57617451304,0.772435620190014,3.20264302329485,NA,834.230469805215,0.308974248076006,1.28105720931794,NA,521.39404362826,0.193108905047504,0.800660755823714,0.000384984562808976,6.92374929846763e-13,2.73197407819033e-13,9.91356975316321e-14,3.96259473157477e-11,4.03183222455945e-11,1.04278808725652e-11,1.07010782803842e-11,1.66846093961043e-12,1.76759663714206e-12,1.58503789262991e-11,1.65427538561459e-11,4.17115234902608e-12,4.44434975684511e-12,6.67384375844172e-13,7.66520073375804e-13,9.90648682893693e-12,1.05988617587837e-11,2.6069702181413e-12,2.88016762596033e-12,4.17115234902608e-13,5.1625093243424e-13
"PE477",6,7,NA,"c_Viruses","VP",24191.1966961271,NA,NA,NA,"LM_Supervised",271965.811965812,865156.5074,36079077.43,76955.1551063287,NA,NA,NA,7695.51551063287,2.85019092986403,21.3478567953252,NA,3078.20620425315,1.14007637194561,8.53914271813008,NA,1923.87887765822,0.712547732466007,5.3369641988313,0.00213295795203289,2.55477698533509e-12,1.00806430138039e-12,3.65798337809557e-13,1.46214794702025e-10,1.4876957168736e-10,3.84775775531644e-11,3.94856418545448e-11,6.1564124085063e-12,6.52221074631586e-12,5.84859178808098e-11,6.10406948661449e-11,1.53910310212657e-11,1.63990953226461e-11,2.46256496340252e-12,2.82836330121208e-12,3.65536986755062e-11,3.91084756608412e-11,9.61939438829109e-12,1.06274586896715e-11,1.53910310212657e-12,1.90490143993613e-12
"PE477",6,7,NA,"c_Viruses","Diff",27506.9373487853,NA,NA,NA,"LM_Supervised",271965.811965812,865156.5074,36079077.43,87502.9316145709,NA,NA,NA,8750.29316145709,3.24084931905818,24.273878087803,NA,3500.11726458284,1.29633972762327,9.70955123512119,NA,2187.57329036427,0.810212329764545,6.06846952195075,0.00242530956575435,2.904944776336e-12,1.14623356297444e-12,4.15936098028097e-13,1.66255570067685e-10,1.69160514844021e-10,4.37514658072855e-11,4.48976993702599e-11,7.00023452916567e-12,7.41617062719377e-12,6.65022280270739e-11,6.94071728034099e-11,1.75005863229142e-11,1.86468198858886e-11,2.80009381166627e-12,3.21602990969437e-12,4.15638925169212e-11,4.44688372932572e-11,1.09378664518214e-11,1.20841000147958e-11,1.75005863229142e-12,2.16599473031952e-12
"PE486",1,7,NA,"c_Viruses","VP",30813.779584725,NA,NA,NA,"LM_Supervised",472535.211267606,911243.8221,20372940.69,59421.7438459419,NA,NA,NA,5942.17438459419,2.20080532762748,15.6502773211241,NA,2376.86975383768,0.880322131050992,6.26011092844964,NA,1485.54359614855,0.55020133190687,3.91256933028102,0.00291669939799653,1.97269829937104e-12,7.78387602677153e-13,2.82455088272615e-13,1.1290131330729e-10,1.14874011606661e-10,2.9710871922971e-11,3.04892595256481e-11,4.75373950767535e-12,5.03619459594797e-12,4.51605253229159e-11,4.71332236222869e-11,1.18843487691884e-11,1.26627363718655e-11,1.90149580307014e-12,2.18395089134276e-12,2.82253283268224e-11,3.01980266261935e-11,7.42771798074274e-12,8.2061055834199e-12,1.18843487691884e-12,1.47088996519145e-12
"PE486",1,7,NA,"c_Viruses","Diff",21918.6147814725,NA,NA,NA,"LM_Supervised",472535.211267606,911243.8221,20372940.69,42268.1777618796,NA,NA,NA,4226.81777618796,1.5654880652548,11.1324350484736,NA,1690.72711047519,0.626195226101921,4.45297401938945,NA,1056.70444404699,0.3913720163137,2.78310876211841,0.00207472148498557,1.40322981103604e-12,5.53686637721389e-13,2.00917393333444e-13,8.03095377475713e-11,8.17127675586074e-11,2.11340888809398e-11,2.16877755186612e-11,3.38145422095037e-12,3.58237161428382e-12,3.21238150990285e-11,3.35270449100646e-11,8.45363555237593e-12,9.00732219009732e-12,1.35258168838015e-12,1.55349908171359e-12,2.00773844368928e-11,2.14806142479289e-11,5.28352222023496e-12,5.83720885795634e-12,8.45363555237593e-13,1.04628094857104e-12
"PE486",2,7,NA,"c_Viruses","VP",87144.7574334899,NA,NA,NA,"LM_Supervised",412300.469483568,1128088.962,22428953.87,238435.428123628,NA,NA,NA,23843.5428123628,8.83094178235659,50.7269414711911,NA,9537.41712494512,3.53237671294264,20.2907765884764,NA,5960.8857030907,2.20773544558915,12.6817353677978,0.0106306976912797,7.91564052358941e-12,3.12335467251902e-12,1.13337804546067e-12,4.53027313434893e-10,4.60942953958483e-10,1.19217714061814e-10,1.22341068734333e-10,1.90748342498902e-11,2.02082122953509e-11,1.81210925373957e-10,1.89126565897547e-10,4.76870856247256e-11,5.08104402972446e-11,7.6299336999561e-12,8.76331174541676e-12,1.13256828358723e-10,1.21172468882313e-10,2.98044285154535e-11,3.29277831879725e-11,4.76870856247256e-12,5.90208660793323e-12
"PE486",2,7,NA,"c_Viruses","Diff",42219.8748043817,NA,NA,NA,"LM_Supervised",412300.469483568,1128088.962,22428953.87,115517.148946014,NA,NA,NA,11551.7148946014,4.27841292392646,24.576178547028,NA,4620.68595784057,1.71136516957058,9.83047141881118,NA,2887.92872365036,1.06960323098161,6.14404463675699,0.00515035830986861,3.83496795154315e-12,1.51320225251734e-12,5.49098770765468e-13,2.19482582997427e-10,2.2331755094897e-10,5.77585744730072e-11,5.92717767255245e-11,9.24137191568114e-12,9.79047068644661e-12,8.77930331989709e-11,9.16280011505140e-11,2.31034297892029e-11,2.46166320417202e-11,3.69654876627246e-12,4.24564753703793e-12,5.48706457493568e-11,5.87056137009e-11,1.44396436182518e-11,1.59528458707691e-11,2.31034297892029e-12,2.85944174968575e-12
"PE486",3,7,NA,"c_Viruses","VP",155962.719298246,NA,NA,NA,"LM_Supervised",421541.666666667,926688.6326,42011738.06,342857.872688905,NA,NA,NA,34285.7872688905,12.6984397292187,88.7956175899866,NA,13714.3149075562,5.07937589168748,35.5182470359946,NA,8571.44681722263,3.17460993230468,22.1989043974967,0.0081610018656987,1.1382283632283e-11,4.49122325109163e-12,1.62973929116554e-12,6.5142995810892e-10,6.62812241741203e-10,1.71428936344453e-10,1.75920159595544e-10,2.74286298151124e-11,2.90583691062779e-11,2.60571983243568e-10,2.71954266875851e-10,6.8571574537781e-11,7.30627977888726e-11,1.0971451926045e-11,1.26011912172105e-11,1.6285748952723e-10,1.74239773159513e-10,4.28572340861131e-11,4.73484573372048e-11,6.8571574537781e-12,8.48689674494364e-12
"PE486",3,7,NA,"c_Viruses","Diff",-32350.7734854377,NA,NA,NA,"LM_Supervised",421541.666666667,926688.6326,42011738.06,-71117.7480552084,NA,NA,NA,-7111.77480552084,-2.63399066871142,-18.4185485100446,NA,-2844.70992220833,-1.05359626748457,-7.36741940401784,NA,-1777.94370138021,-0.658497667177855,-4.60463712751115,-0.0016928066140382,-2.36098524821716e-12,-9.3159792751979e-13,-3.3805082962161e-13,-1.35123721304896e-10,-1.37484706553113e-10,-3.55588740276042e-11,-3.6490471955124e-11,-5.68941984441667e-12,-6.02747067403828e-12,-5.40494885219584e-11,-5.64104737701755e-11,-1.42235496110417e-11,-1.51551475385615e-11,-2.27576793776667e-12,-2.61381876738828e-12,-3.3780930326224e-11,-3.61419155744411e-11,-8.88971850690105e-12,-9.82131643442084e-12,-1.42235496110417e-12,-1.76040579072578e-12
"PE486",4,7,NA,"c_Viruses","VP",57008.3333333333,NA,NA,NA,"LM_Supervised",223250,794913.5091,13643945.63,202986.312644759,NA,NA,NA,20298.6312644759,7.51801157943553,61.2855543113102,NA,8119.45250579037,3.00720463177421,24.5142217245241,NA,5074.65781611898,1.87950289485888,15.3213885778275,0.0148773909065159,6.73879169194496e-12,2.65899347695801e-12,9.64874356512571e-13,3.85673994025043e-10,3.92412785716988e-10,1.0149315632238e-10,1.04152149799338e-10,1.62389050115807e-11,1.72037793680933e-11,1.54269597610017e-10,1.61008389301962e-10,4.05972625289519e-11,4.32562560059099e-11,6.4955620046323e-12,7.46043636114487e-12,9.64184985062606e-11,1.03157290198206e-10,2.53732890805949e-11,2.80322825575529e-11,4.05972625289519e-12,5.02460060940776e-12
"PE486",4,7,NA,"c_Viruses","Diff",16097.2222222222,NA,NA,NA,"LM_Supervised",223250,794913.5091,13643945.63,57316.4586939716,NA,NA,NA,5731.64586939716,2.12283180348043,17.3049645390071,NA,2292.65834775886,0.849132721392172,6.92198581560283,NA,1432.91146734929,0.530707950870107,4.32624113475177,0.00420087123243481,1.90280650269556e-12,7.50809686642871e-13,2.72447833941936e-13,1.08901271518546e-10,1.10804078021242e-10,2.86582293469858e-11,2.94090390336287e-11,4.58531669551773e-12,4.85776452945966e-12,4.35605086074184e-11,4.5463315110114e-11,1.14632917387943e-11,1.22141014254372e-11,1.83412667820709e-12,2.10657451214903e-12,2.72253178796365e-11,2.91281243823321e-11,7.16455733674645e-12,7.91536702338932e-12,1.14632917387943e-12,1.41877700782137e-12
"PE486",5,7,NA,"c_Viruses","VP",26657.5028636884,NA,NA,NA,"LM_Supervised",295000,759699.341,18433072.49,68649.7876550838,NA,NA,NA,6864.97876550838,2.54258472796607,21.6874599568991,NA,2745.99150620335,1.01703389118643,8.67498398275962,NA,1716.24469137709,0.635646181991516,5.42186498922476,0.00372427264593716,2.27905326559371e-12,8.9926919303607e-13,3.26319636163575e-13,1.30434596544659e-10,1.32713649810253e-10,3.43248938275419e-11,3.5224163020578e-11,5.4919830124067e-12,5.81830264857028e-12,5.21738386178637e-11,5.44528918834574e-11,1.37299575310168e-11,1.46292267240528e-11,2.19679320496268e-12,2.52311284112626e-12,3.26086491361648e-11,3.48877024017585e-11,8.58122345688547e-12,9.48049264992154e-12,1.37299575310168e-12,1.69931538926525e-12
"PE486",5,7,NA,"c_Viruses","Diff",-677.229664665228,NA,NA,NA,"LM_Supervised",295000,759699.341,18433072.49,-1744.03705068415,NA,NA,NA,-174.403705068415,-0.0645939648401538,-0.550966506846288,NA,-69.7614820273661,-0.0258375859360615,-0.220386602738515,NA,-43.6009262671038,-0.0161484912100384,-0.137741626711572,-9.46145604120148e-05,-5.78989895154293e-14,-2.28457923143715e-14,-8.29009899774836e-15,-3.31367039629989e-12,-3.37156938581532e-12,-8.72018525342076e-13,-8.94864317656448e-13,-1.39522964054732e-13,-1.47813063052481e-13,-1.32546815851996e-12,-1.38336714803539e-12,-3.48807410136831e-13,-3.71653202451202e-13,-5.58091856218929e-14,-6.40992846196412e-14,-8.28417599074973e-13,-8.86316588590402e-13,-2.18004631335519e-13,-2.40850423649891e-13,-3.4880741013683e-14,-4.31708400114314e-14
"PE486",6,7,NA,"c_Viruses","VP",29049.6031746032,NA,NA,NA,"LM_Supervised",353375,1253191.928,39722199.34,103020.101054166,NA,NA,NA,10302.0101054166,3.81555929830244,19.7294793403743,NA,4120.80404216664,1.52622371932098,7.89179173614971,NA,2575.50252635415,0.95388982457561,4.93236983509357,0.00259351452754091,3.42008774898088e-12,1.34949875747523e-12,4.89695351461742e-13,1.95738192002915e-10,1.99158279751896e-10,5.1510050527083e-11,5.28595492845582e-11,8.24160808433327e-12,8.73130343579501e-12,7.82952768011661e-11,8.1715364550147e-11,2.06040202108332e-11,2.19535189683084e-11,3.29664323373331e-12,3.78633858519505e-12,4.89345480007288e-11,5.23546357497097e-11,1.28775126317707e-11,1.4227011389246e-11,2.06040202108332e-12,2.55009737254506e-12
"PE486",6,7,NA,"c_Viruses","Diff",8322.77125462056,NA,NA,NA,"LM_Supervised",353375,1253191.928,39722199.34,29515.4715383967,NA,NA,NA,2951.54715383967,1.09316561253321,5.65253654364042,NA,1180.61886153587,0.437266245013284,2.26101461745617,NA,737.886788459917,0.273291403133302,1.41313413591011,0.000743047263968457,9.79862197580152e-13,3.86634178764972e-13,1.4029872870106e-13,5.60793959229537e-11,5.70592581205338e-11,1.47577357691983e-11,1.51443699479633e-11,2.36123772307173e-12,2.50153645177279e-12,2.24317583691815e-11,2.34116205667616e-11,5.90309430767933e-12,6.28972848644431e-12,9.44495089228693e-13,1.08479381792975e-12,1.40198489807384e-11,1.49997111783186e-11,3.68943394229958e-12,4.07606812106456e-12,5.90309430767933e-13,7.30608159468993e-13
"PE486",7,7,NA,"c_Viruses","VP",27193.9679036555,NA,NA,NA,"LM_Supervised",232729.196109059,1153356.672,38603377.27,134767.553208655,NA,NA,NA,13476.7553208655,4.9913908595798,28.0435476338729,NA,5390.70212834618,1.99655634383192,11.2174190535492,NA,3369.18883021636,1.24784771489495,7.01088690846822,0.00349108193995728,4.47404781176353e-12,1.76537048344996e-12,6.40603568224537e-13,2.56058351096444e-10,2.60532398908207e-10,6.73837766043273e-11,6.91491470877772e-11,1.07814042566924e-11,1.14220078249169e-11,1.02423340438577e-10,1.06897388250341e-10,2.69535106417309e-11,2.87188811251809e-11,4.31256170267695e-12,4.95316527090148e-12,6.40145877741109e-11,6.84886355858745e-11,1.68459441510818e-11,1.86113146345318e-11,2.69535106417309e-12,3.33595463239763e-12
"PE486",7,7,NA,"c_Viruses","Diff",493.031621820945,NA,NA,NA,"LM_Supervised",232729.196109059,1153356.672,38603377.27,2443.36043797314,NA,NA,NA,244.336043797314,0.0904948310360424,0.5084346580288,NA,97.7344175189258,0.0361979324144169,0.20337386321152,NA,61.0840109493286,0.0226237077590106,0.1271086645072,6.32939553677849e-05,8.11153067677814e-14,3.20064903972016e-14,1.1614260092716e-14,4.64238483214897e-12,4.72350013891676e-12,1.22168021898657e-12,1.25368670938377e-12,1.95468835037852e-13,2.07083095130568e-13,1.85695393285959e-12,1.93806923962737e-12,4.88672087594629e-13,5.2067857799183e-13,7.81875340151406e-14,8.98017941078567e-14,1.16059620803724e-12,1.24171151480502e-12,3.05420054746643e-13,3.37426545143845e-13,4.88672087594629e-14,6.04814688521789e-14
