"Sample_Name","Staining_Protocol","Expt_Date","Date_Measurement","Location","Station_Number","Depth","Sample_Type","Timepoint","Replicate","c_Bacteria","c_HNA","c_LNA","c_Viruses","c_V1","c_V2","c_V3","VBR","HNAperLNA"
"vi201123.012","Viruses",2020-09-16,2020-11-23,"PE477",1,7,"0.22",0,1,37837.8378378378,22932.0229320229,14905.8149058149,31874324.3243243,23766450.7639236,7474487.00349426,633386.556906511,842.392857142857,1.53846153846154
"vi201123.013","Viruses",2020-09-16,2020-11-23,"PE477",1,7,"0.22",0,2,44594.5945945946,21123.7553342816,23470.8392603129,34632432.4324324,25737598.4723363,8223177.85709808,671656.102998081,776.606060606061,0.9
"vi201123.014","Viruses",2020-09-16,2020-11-23,"PE477",1,7,"0.22",0,3,51351.3513513514,23884.3494657448,27467.0018856065,32860810.8108108,24497651.6038171,7692423.05420765,670736.152786101,639.921052631579,0.869565217391304
"VI220331.067","Viruses",NA,2022-03-31,"PE477",1,7,"0.22",3,1,80555.5555555556,12457.0446735395,68098.5108820161,18454861.1111111,9195010.94886059,7725322.11202199,1534528.05022853,229.094827586207,0.182926829268293
"VI220331.068","Viruses",NA,2022-03-31,"PE477",1,7,"0.22",3,2,80555.5555555556,17439.8625429553,63115.6930126002,20043750,10639188.9267864,7827432.29096312,1577128.78225044,248.818965517241,0.276315789473684
"VI220331.069","Viruses",NA,2022-03-31,"PE477",1,7,"0.22",3,3,63888.8888888889,9771.24183006536,54117.6470588235,18875694.4444444,9531786.41047062,7798980.08911167,1544927.94486216,295.445652173913,0.180555555555556
"VI220331.070","Viruses",NA,2022-03-31,"PE477",1,7,"0.22",6,1,43055.5555555556,12916.6666666667,30138.8888888889,22304861.1111111,13983630.5237786,7213723.7924763,1107506.79485619,518.048387096774,0.428571428571429
"VI220331.071","Viruses",NA,2022-03-31,"PE477",1,7,"0.22",6,2,73611.1111111111,15202.2946859903,58408.8164251208,22024305.5555556,11766558.5126773,8639031.14047697,1618715.90240129,299.198113207547,0.26027397260274
"VI220331.072","Viruses",NA,2022-03-31,"PE477",1,7,"0.22",6,3,91666.6666666667,13968.253968254,77698.4126984127,18096527.7777778,11285353.3045691,5890417.09149839,920757.381710269,197.416666666667,0.179775280898876
"VI220331.073","Viruses",NA,2022-03-31,"PE477",1,7,"0.22",9,1,81944.4444444444,16723.3560090703,65221.0884353741,17542361.1111111,8574916.53851083,7506592.81686531,1460851.75573497,214.076271186441,0.256410256410256
"VI220331.074","Viruses",NA,2022-03-31,"PE477",1,7,"0.22",9,2,77777.7777777778,10643.2748538012,67134.5029239766,18997916.6666667,10124201.0899215,7550228.74712398,1323486.8296212,244.258928571429,0.158536585365854
"VI220331.075","Viruses",NA,2022-03-31,"PE477",1,7,"0.22",9,3,61111.1111111111,15461.8473895582,45649.2637215529,18629861.1111111,11611910.8201979,6016737.12850143,1001213.16241176,304.852272727273,0.338709677419355
"VI220331.076","Viruses",NA,2022-03-31,"PE477",1,7,"0.22",12,1,52777.7777777778,13023.088023088,39754.6897546898,18592361.1111111,11397802.3641693,6140707.88823487,1053850.85870697,352.276315789474,0.327586206896552
"VI220331.077","Viruses",NA,2022-03-31,"PE477",1,7,"0.22",12,2,50000,9333.33333333333,40666.6666666667,18786805.5555556,11203698.8745814,6531661.84087476,1051444.84009943,375.736111111111,0.229508196721312
"VI220331.078","Viruses",NA,2022-03-31,"PE477",1,7,"0.22",12,3,112500,20625,91875,14760416.6666667,7443264.10349633,6037254.59007453,1279897.9730958,131.203703703704,0.224489795918367
"vi201123.015","Viruses",2020-09-16,2020-11-23,"PE477",1,7,"0.22",24,1,58108.1081081081,33896.3963963964,24211.7117117117,27685135.1351351,20529608.6216676,6575808.47296531,579718.040502215,476.441860465116,1.4
"vi201123.016","Viruses",2020-09-16,2020-11-23,"PE477",1,7,"0.22",24,2,68918.9189189189,44305.0193050193,24613.8996138996,26400000,19217579.8069785,6620579.06458797,561841.128433556,383.058823529412,1.8
"vi201123.017","Viruses",2020-09-16,2020-11-23,"PE477",1,7,"0.22",24,3,51351.3513513514,33438.0892520428,17913.2620993086,26094594.5945946,19011608.1344872,6518750.76938894,564235.690718498,508.157894736842,1.86666666666667
"vi201130.020","Viruses",2020-09-17,2020-11-30,"PE477",2,7,"0.22",0,1,7941.17647058824,794.117647058824,7147.05882352941,10242058.8235294,6747575.38501782,3351584.22980087,142899.208710722,1289.74074074074,0.111111111111111
"vi201130.021","Viruses",2020-09-17,2020-11-30,"PE477",2,7,"0.22",0,2,7352.94117647059,386.996904024768,6965.94427244582,10483235.2941176,6590194.70907928,3715851.11892583,177189.466112532,1425.72,0.0555555555555556
"vi201130.022","Viruses",2020-09-17,2020-11-30,"PE477",2,7,"0.22",0,3,4411.76470588235,315.126050420168,4096.63865546218,10182058.8235294,6471936.9870041,3534235.42236662,175886.414158687,2307.93333333333,0.0769230769230769
"VI220331.123","Viruses",NA,2022-03-31,"PE477",2,7,"0.22",3,1,6388.88888888889,2099.20634920635,4289.68253968254,8986944.44444444,4796490.70769919,3861258.62045594,329195.116289315,1406.65217391304,0.489361702127659
"VI220331.124","Viruses",NA,2022-03-31,"PE477",2,7,"0.22",3,2,8333.33333333333,2056.27705627706,6277.05627705628,9355000,4769371.62875235,4222803.99859287,362824.372654784,1122.6,0.327586206896552
"VI220331.135","Viruses",NA,2022-03-31,"PE477",2,7,"0.22",3,3,5555.55555555556,1492.53731343284,4063.01824212272,8630277.77777778,5665854.20436149,2741153.5232976,223270.050118684,1553.45,0.36734693877551
"VI220331.136","Viruses",NA,2022-03-31,"PE477",2,7,"0.22",6,1,4722.22222222222,1180.55555555556,3541.66666666667,28888.8888888889,28459.3143329203,429.574555968608,0,6.11764705882353,0.333333333333333
"VI220331.127","Viruses",NA,2022-03-31,"PE477",2,7,"0.22",6,2,8055.55555555556,1907.8947368421,6147.66081871345,8471666.66666667,4454937.60506918,3710530.84184663,306198.219750851,1051.65517241379,0.310344827586207
"VI220331.128","Viruses",NA,2022-03-31,"PE477",2,7,"0.22",6,3,1944.44444444444,540.123456790123,1404.32098765432,8793888.88888889,4689325.08274821,3785877.13102608,318686.675114601,4522.57142857143,0.384615384615384
"VI220331.129","Viruses",NA,2022-03-31,"PE477",2,7,"0.22",9,1,3333.33333333333,677.966101694915,2655.36723163842,8725277.77777778,4471276.74848659,3890139.54746079,363861.481830394,2617.58333333333,0.25531914893617
"VI220331.130","Viruses",NA,2022-03-31,"PE477",2,7,"0.22",9,2,5000,923.076923076923,4076.92307692308,7818888.88888889,4031452.1571463,3485426.6088214,302010.122921186,1563.77777777778,0.226415094339623
"VI220331.131","Viruses",NA,2022-03-31,"PE477",2,7,"0.22",9,3,6666.66666666667,2065.72769953052,4600.93896713615,8982500,4851827.30157761,3841772.29867871,288900.399743676,1347.375,0.448979591836735
"VI220331.132","Viruses",NA,2022-03-31,"PE477",2,7,"0.22",12,1,4444.44444444444,1410.93474426808,3033.50970017637,6757777.77777778,4691855.08260866,1991418.48172379,74504.2134453329,1520.5,0.465116279069768
"VI220331.133","Viruses",NA,2022-03-31,"PE477",2,7,"0.22",12,2,2500,580.357142857143,1919.64285714286,8294166.66666667,4238668.80687508,3771843.00003301,283654.85975858,3317.66666666667,0.302325581395349
"VI220331.134","Viruses",NA,2022-03-31,"PE477",2,7,"0.22",12,3,8055.55555555556,1271.9298245614,6783.62573099415,7702500,4148678.14153322,3250240.03124667,303581.827220112,956.172413793103,0.1875
"vi201130.023","Viruses",2020-09-17,2020-11-30,"PE477",2,7,"0.22",24,1,7352.94117647059,2708.97832817337,4643.96284829721,8245588.23529412,5163943.68723099,2922901.72166428,158742.826398852,1121.4,0.583333333333333
"vi201130.024","Viruses",2020-09-17,2020-11-30,"PE477",2,7,"0.22",24,2,7941.17647058824,1588.23529411765,6352.94117647059,8177941.17647059,5090529.78141744,2900483.79824273,186927.596810425,1029.81481481481,0.25
"vi201130.025","Viruses",2020-09-17,2020-11-30,"PE477",2,7,"0.22",24,3,32647.0588235294,16323.5294117647,16323.5294117647,10041470.5882353,6101463.57234038,3696494.66891975,243512.346975166,307.576576576577,1
"VI210623.074","Viruses",2020-09-18,2021-06-23,"PE477",3,7,"0.22",0,1,7941.17647058824,4067.4318507891,3873.74461979914,13095882.3529412,8341469.57810778,4331512.73810149,422900.03673191,1649.11111111111,1.05
"VI210623.075","Viruses",2020-09-18,2021-06-23,"PE477",3,7,"0.22",0,2,9705.88235294118,4543.17897371715,5162.70337922403,12836764.7058824,8051778.09402612,4359810.21085156,425176.401004679,1322.57575757576,0.88
"VI210623.076","Viruses",2020-09-18,2021-06-23,"PE477",3,7,"0.22",0,3,10882.3529411765,4480.96885813149,6401.38408304498,12113823.5294118,7605254.62178799,4099335.86292038,409233.044703388,1113.16216216216,0.7
"VI210623.077","Viruses",2020-09-18,2021-06-23,"PE477",3,7,"0.22",24,1,17647.0588235294,2623.21144674086,15023.8473767886,9263529.41176471,5801864.0826969,3169286.09205392,292379.237013888,524.933333333333,0.174603174603175
"VI210623.078","Viruses",2020-09-18,2021-06-23,"PE477",3,7,"0.22",24,2,8235.29411764706,2745.09803921569,5490.19607843137,9714705.88235294,5954569.30252907,3429165.31415829,330971.265665575,1179.64285714286,0.5
"VI210623.079","Viruses",2020-09-18,2021-06-23,"PE477",3,7,"0.22",24,3,15000,2307.69230769231,12692.3076923077,10167647.0588235,6213853.56172053,3588289.84466163,365503.652441369,677.843137254902,0.181818181818182
"vi201214.073","Viruses",2020-09-19,2020-12-14,"PE477",4,7,"0.22",0,1,225213.768910327,114677.815663534,110535.953246793,3544617.40846306,2645007.89589939,834471.446096242,65138.0664674282,15.7389018691589,1.03747072599532
"vi201214.074","Viruses",2020-09-19,2020-12-14,"PE477",4,7,"0.22",0,2,223635.167726376,110782.235864455,112852.931861921,3405174.30388073,2551621.32296105,786523.967418043,67029.0135016334,15.2264705882353,0.981651376146789
"vi201214.075","Viruses",2020-09-19,2020-12-14,"PE477",4,7,"0.22",0,3,212848.059636045,111467.209845851,101380.849790194,3507257.18044289,2650804.68518996,792601.912982829,63850.5822701042,16.4777503090235,1.09948979591837
"VI220406.005","Viruses",NA,2022-04-06,"PE477",4,7,"0.22",3,1,21666.6666666667,2803.92156862745,18862.7450980392,3410555.55555556,2194487.040058,1115126.88055102,100941.634946529,157.410256410256,0.148648648648649
"VI220406.006","Viruses",NA,2022-04-06,"PE477",4,7,"0.22",3,2,34444.4444444444,1577.60814249364,32866.8363019508,3011944.44444444,1879897.83081735,1059368.11505508,72678.4985720114,87.4435483870968,0.048
"VI220406.007","Viruses",NA,2022-04-06,"PE477",4,7,"0.22",3,3,34722.2222222222,3419.61279461279,31302.6094276094,2970277.77777778,1888526.18808568,995706.157965194,86045.4317269076,85.544,0.109243697478992
"VI220406.008","Viruses",NA,2022-04-06,"PE477",4,7,"0.22",6,1,15277.7777777778,1724.91039426523,13552.8673835125,2806388.88888889,1861482.10465092,883259.617581687,61647.1666562805,183.690909090909,0.127272727272727
"VI220406.009","Viruses",NA,2022-04-06,"PE477",4,7,"0.22",6,2,12500,1682.69230769231,10817.3076923077,3252500,2114495.08289987,1049713.7109883,88291.2061118335,260.2,0.155555555555556
"VI220406.010","Viruses",NA,2022-04-06,"PE477",4,7,"0.22",6,3,30277.7777777778,3132.18390804598,27145.5938697318,2513333.33333333,1699360.50330119,771749.455563621,42223.3744685264,83.0091743119266,0.115384615384615
"VI220406.011","Viruses",NA,2022-04-06,"PE477",4,7,"0.22",9,1,15000,1721.31147540984,13278.6885245902,2893888.88888889,1913493.04357477,910761.726040942,69634.1192731822,192.925925925926,0.12962962962963
"VI220406.012","Viruses",NA,2022-04-06,"PE477",4,7,"0.22",9,2,4444.44444444444,1545.89371980676,2898.55072463768,2656944.44444444,1841293.8812336,771978.346456693,43672.2167541557,597.8125,0.533333333333333
"VI220406.013","Viruses",NA,2022-04-06,"PE477",4,7,"0.22",9,3,15555.5555555556,3209.87654320988,12345.6790123457,2793055.55555556,1880919.66614502,845522.170057381,66613.719353156,179.553571428571,0.26
"VI220406.014","Viruses",NA,2022-04-06,"PE477",4,7,"0.22",12,1,25555.5555555556,3355.78002244669,22199.7755331089,2571388.88888889,1707734.21640276,811715.331348401,51939.3411377273,100.619565217391,0.151162790697674
"VI220406.015","Viruses",NA,2022-04-06,"PE477",4,7,"0.22",12,2,11666.6666666667,1428.57142857143,10238.0952380952,2984444.44444444,1935059.13709812,978057.637847743,71327.669498584,255.809523809524,0.13953488372093
"VI220406.016","Viruses",NA,2022-04-06,"PE477",4,7,"0.22",12,3,16388.8888888889,1738.21548821549,14650.6734006734,2570555.55555556,1671161.25720603,842758.035220722,56636.2631288004,156.847457627119,0.11864406779661
"vi201214.076","Viruses",2020-09-19,2020-12-14,"PE477",4,7,"0.22",24,1,192063.144047358,107648.294445898,84414.8496014599,3306774.83008113,2666228.22728679,582132.763870233,58413.8389241018,17.2171232876712,1.27522935779817
"vi201214.077","Viruses",2020-09-19,2020-12-14,"PE477",4,7,"0.22",24,2,119710.589782942,67129.8190040807,52580.7707788617,2282525.76189432,1931934.5186992,322357.354562466,28233.8886326608,19.067032967033,1.27669902912621
"vi201214.078","Viruses",2020-09-19,2020-12-14,"PE477",4,7,"0.22",24,3,199166.849375137,98937.61778298,100229.231592157,2951326.46349485,2274009.62919166,618983.327042631,58333.5072605621,14.8183619550859,0.987113402061856
"VI210624.138","Viruses",2020-09-20,2021-06-24,"PE477",5,7,"0.22",0,1,73717.9487179487,7496.74054758801,66221.2081703607,48945512.8205128,37604819.0166187,10221563.0467338,1119130.75716035,663.95652173913,0.113207547169811
"VI210624.139","Viruses",2020-09-20,2021-06-24,"PE477",5,7,"0.22",0,2,67307.6923076923,1246.43874643875,66061.2535612536,47907051.2820513,36184682.3458165,10557979.0181462,1164389.91808853,711.761904761905,0.0188679245283019
"VI210624.140","Viruses",2020-09-20,2021-06-24,"PE477",5,7,"0.22",0,3,60897.4358974359,6214.02407116693,54683.411826269,48513461.5384615,37110741.080837,10274853.680566,1127866.77705856,796.642105263158,0.113636363636364
"VI210624.141","Viruses",2020-09-20,2021-06-24,"PE477",5,7,"0.22",24,1,76282.0512820513,15006.3051702396,61275.7461118117,41613461.5384615,31253992.2103213,9362807.78687663,996661.541263581,545.521008403361,0.244897959183673
"VI210624.142","Viruses",2020-09-20,2021-06-24,"PE477",5,7,"0.22",24,2,42948.7179487179,4908.42490842491,38040.293040293,41136538.4615385,30633592.4713584,9493824.5560586,1009121.43412143,957.805970149254,0.129032258064516
"VI210624.143","Viruses",2020-09-20,2021-06-24,"PE477",5,7,"0.22",24,3,33974.358974359,7280.21978021978,26694.1391941392,42982692.3076923,32077466.0008187,9886613.21111043,1018613.09576314,1265.15094339623,0.272727272727273
"VI210624.102","Viruses",2020-09-21,2021-06-24,"PE477",6,7,"0.22",0,1,4102.5641025641,781.440781440781,3321.12332112332,11178717.9487179,8105574.84976168,2883022.75569861,190120.343257661,2724.8125,0.235294117647059
"VI210624.103","Viruses",2020-09-21,2021-06-24,"PE477",6,7,"0.22",0,2,7692.30769230769,439.56043956044,7252.74725274725,9532051.28205128,6724233.57312664,2635670.37193765,172147.336986999,1239.16666666667,0.0606060606060606
"VI210624.104","Viruses",2020-09-21,2021-06-24,"PE477",6,7,"0.22",0,3,4102.5641025641,195.360195360195,3907.20390720391,10862051.2820513,7755062.47780299,2932743.6114876,174245.192760693,2647.625,0.05
"VI210624.105","Viruses",2020-09-21,2021-06-24,"PE477",6,7,"0.22",24,1,3333.33333333333,370.37037037037,2962.96296296296,9892307.69230769,6862964.33331344,2868436.67323109,160906.685763164,2967.69230769231,0.125
"VI210624.106","Viruses",2020-09-21,2021-06-24,"PE477",6,7,"0.22",24,2,7179.48717948718,435.120435120435,6744.36674436675,9833333.33333333,6681243.49635796,2970720.60353798,181369.233437392,1369.64285714286,0.064516129032258
"VI210624.107","Viruses",2020-09-21,2021-06-24,"PE477",6,7,"0.22",24,3,6410.25641025641,641.025641025641,5769.23076923077,9778461.53846154,6746642.19681329,2858382.49439568,173436.847252575,1525.44,0.111111111111111
"VI210503.060","Viruses",2021-04-15,2021-05-03,"PE486",1,7,"0.22",0,1,30281.6901408451,3273.69623144271,27007.9939094024,18921126.7605634,14642453.3461811,3913938.38990765,364735.02447462,624.837209302326,0.121212121212121
"VI210503.061","Viruses",2021-04-15,2021-05-03,"PE486",1,7,"0.22",0,2,19014.0845070423,3933.9485186984,15080.1359883439,19216901.4084507,14826856.3022234,3962589.85246099,427455.253766312,1010.66666666667,0.260869565217391
"VI210503.062","Viruses",2021-04-15,2021-05-03,"PE486",1,7,"0.22",0,3,7746.47887323944,737.75989268947,7008.71898054997,18511267.6056338,14234138.224697,3926110.71077629,351018.670160498,2389.63636363636,0.105263157894737
"BA220413.055","Viruses",NA,2022-04-13,"PE486",1,7,"0.22",3,1,10046.7932837875,772.830252599039,9273.96303118846,5975089.45774842,4479079.13348093,1351201.1587717,144809.165495798,594.72602739726,0.0833333333333333
"BA220413.056","Viruses",NA,2022-04-13,"PE486",1,7,"0.22",3,2,13625.1032204789,786.063647335324,12839.0395731436,5990503.71593724,4448771.88047296,1409282.45660203,132449.378862261,439.666666666667,0.0612244897959184
"BA220413.057","Viruses",NA,2022-04-13,"PE486",1,7,"0.22",3,3,2614.9187998899,0,2614.9187998899,6050784.47563997,4504434.83603848,1402778.84682759,143570.792773903,2313.94736842105,0
"BA220413.058","Viruses",NA,2022-04-13,"PE486",1,7,"0.22",6,1,5642.71951555189,490.671262221903,5152.04825332998,5741123.0388109,4234617.0299085,1376671.05279672,129834.956105685,1017.43902439024,0.0952380952380952
"BA220413.059","Viruses",NA,2022-04-13,"PE486",1,7,"0.22",6,2,2614.9187998899,217.909899990825,2397.00889989907,5558629.23203964,4036245.57805437,1382505.96262617,139877.691359101,2125.73684210526,0.0909090909090909
"BA220413.060","Viruses",NA,2022-04-13,"PE486",1,7,"0.22",6,3,4266.44646297826,474.049606997584,3792.39685598067,6121524.91054225,4454222.46569207,1529985.8824463,137316.56240388,1434.8064516129,0.125
"BA220413.061","Viruses",NA,2022-04-13,"PE486",1,7,"0.22",9,1,12248.8301679053,521.226815655545,11727.6033522498,5150701.89925681,3802822.90587294,1243813.84510709,104065.148276776,420.505617977528,0.0444444444444444
"BA220413.062","Viruses",NA,2022-04-13,"PE486",1,7,"0.22",9,2,3440.68263143408,0,3440.68263143408,5234929.81007432,3784693.31882554,1318349.23184976,131887.259399023,1521.48,0
"BA220413.063","Viruses",NA,2022-04-13,"PE486",1,7,"0.22",9,3,11147.8117258464,1037.0057419392,10110.8059839072,5678089.73300303,4170762.46545867,1381497.75183266,125829.515711703,509.345679012346,0.102564102564103
"BA220413.064","Viruses",NA,2022-04-13,"PE486",1,7,"0.22",12,1,8120.01101018442,507.500688136526,7612.51032204789,5373107.62455271,3946182.95866721,1291725.78090627,135198.884979236,661.71186440678,0.0666666666666667
"BA220413.065","Viruses",NA,2022-04-13,"PE486",1,7,"0.22",12,2,16102.3947151115,527.947367708573,15574.4473474029,5558353.97742912,4021015.09169825,1403497.50100524,133841.38472563,345.188034188034,0.0338983050847458
"BA220413.066","Viruses",NA,2022-04-13,"PE486",1,7,"0.22",12,3,5917.97412606661,246.582255252776,5671.39187081384,4621387.28323699,3389086.66878249,1118429.79818213,113870.816272379,780.906976744186,0.0434782608695652
"VI210503.063","Viruses",2021-04-15,2021-05-03,"PE486",1,7,"0.22",24,1,6338.02816901408,1584.50704225352,4753.52112676056,14214084.5070423,10715212.9179323,3203503.84990279,295367.739207121,2242.66666666667,0.333333333333333
"VI210503.064","Viruses",2021-04-15,2021-05-03,"PE486",1,7,"0.22",24,2,6338.02816901408,1584.50704225352,4753.52112676056,14257746.4788732,10586262.8807992,3363032.12244714,308451.475626924,2249.55555555556,0.333333333333333
"VI210503.065","Viruses",2021-04-15,2021-05-03,"PE486",1,7,"0.22",24,3,-6338.02816901408,-576.184379001281,-5761.8437900128,14278873.2394366,10674661.7535661,3346488.88774763,257722.598122922,-2252.88888888889,0.1
"VI210503.171","Viruses",2021-04-16,2021-05-03,"PE486",2,7,"0.22",0,1,13380.2816901408,0,13380.2816901408,13904225.3521127,10480322.7685001,3183616.63917648,240285.944436114,1039.15789473684,0
"VI210503.172","Viruses",2021-04-16,2021-05-03,"PE486",2,7,"0.22",0,2,2816.9014084507,0,2816.9014084507,13816197.1830986,10381767.3003642,3189359.31984533,245070.562889043,4904.75,0
"VI210503.173","Viruses",2021-04-16,2021-05-03,"PE486",2,7,"0.22",0,3,21126.7605633803,2779.83691623425,18346.923647146,13446478.8732394,10078839.3703227,3113776.58635363,253862.916563078,636.466666666667,0.151515151515152
"VI220408.005","Viruses",NA,2022-04-08,"PE486",2,7,"0.22",3,1,28124.1341091715,1041.63459663598,27082.4995125355,11203103.3527293,6204478.08191695,4588977.59359996,409647.67721238,398.344827586207,0.0384615384615384
"VI220408.006","Viruses",NA,2022-04-08,"PE486",2,7,"0.22",3,2,6511.49903020227,217.049967673409,6294.44906252886,10858409.5317262,5758374.99256057,4661321.89063529,438712.64853038,1667.57446808511,0.0344827586206897
"VI220408.007","Viruses",NA,2022-04-08,"PE486",2,7,"0.22",3,3,32834.5802161263,788.029925187032,32046.5502909393,10215849.2657246,5558280.95831397,4318648.73678171,338919.570628901,311.130801687764,0.0245901639344262
"VI220408.008","Viruses",NA,2022-04-08,"PE486",2,7,"0.22",6,1,4571.90357439734,397.55683255629,4174.34674184105,10191742.8650596,5603276.04459009,4230585.92924874,357880.891220735,2229.21212121212,0.0952380952380952
"VI220408.009","Viruses",NA,2022-04-08,"PE486",2,7,"0.22",6,2,1523.96785813245,126.997321511037,1396.97053662141,10761152.6738709,5852866.24392569,4511997.19764303,396289.232302161,7061.27272727273,0.0909090909090909
"VI220408.010","Viruses",NA,2022-04-08,"PE486",2,7,"0.22",6,3,1801.05292324744,0,1801.05292324744,10286228.8722638,5661873.15786132,4273725.79950641,350629.914896053,5711.23076923077,0
"VI220408.011","Viruses",NA,2022-04-08,"PE486",2,7,"0.22",9,1,10667.7750069271,237.061666820603,10430.7133401065,9199778.33194791,4991970.51295459,3878075.38576158,329732.433231734,862.38961038961,0.0227272727272727
"VI220408.012","Viruses",NA,2022-04-08,"PE486",2,7,"0.22",9,2,2078.13798836243,148.438427740173,1929.69956062225,8517594.9016348,4641763.89564827,3573723.53205933,302107.473927204,4098.66666666667,0.0769230769230769
"VI220408.013","Viruses",NA,2022-04-08,"PE486",2,7,"0.22",9,3,2078.13798836243,148.438427740173,1929.69956062225,8555555.55555556,4620421.21652044,3625972.21345564,309162.125579471,4116.93333333333,0.0769230769230769
"VI220408.014","Viruses",NA,2022-04-08,"PE486",2,7,"0.22",12,1,4294.81850928235,0,4294.81850928235,8151842.61568301,4326579.20956758,3533750.5585997,291512.847515741,1898.06451612903,0
"VI220408.015","Viruses",NA,2022-04-08,"PE486",2,7,"0.22",12,2,1246.88279301746,0,1246.88279301746,8106400.66500416,4237491.86267106,3564767.11099351,304141.691339587,6501.33333333333,0
"VI220408.016","Viruses",NA,2022-04-08,"PE486",2,7,"0.22",12,3,1523.96785813245,126.997321511037,1396.97053662141,8581601.55167636,4806560.96978727,3482596.45097451,292444.130914585,5631.09090909091,0.0909090909090909
"VI210503.174","Viruses",2021-04-16,2021-05-03,"PE486",2,7,"0.22",24,1,704.225352112676,156.494522691706,547.73082942097,11140845.0704225,8237008.5549249,2692947.18591186,210889.329585775,15820,0.285714285714286
"VI210503.175","Viruses",2021-04-16,2021-05-03,"PE486",2,7,"0.22",24,2,704.225352112676,312.989045383412,391.236306729264,10643661.971831,7834528.44274125,2597149.25595979,211984.273129946,15114,0.800000000000001
"VI210503.176","Viruses",2021-04-16,2021-05-03,"PE486",2,7,"0.22",24,3,0,0,0,10775352.1126761,7961119.08883468,2600805.5315131,213427.492328271,Inf,NA
"VI210504.009","Viruses",2021-04-17,2021-05-04,"PE486",3,7,"0.22",0,1,3125,520.833333333333,2604.16666666667,40593750,30849721.1380756,9390171.30360831,353857.558316122,12990,0.2
"VI210504.010","Viruses",2021-04-17,2021-05-04,"PE486",3,7,"0.22",0,2,13125,0,13125,39838750,30407862.7397896,9025350.47957921,405536.780631188,3035.33333333333,0
"VI210504.011","Viruses",2021-04-17,2021-05-04,"PE486",3,7,"0.22",0,3,10625,1770.83333333333,8854.16666666666,40088750,30691562.3846864,9003943.11193112,393244.503382534,3773.05882352941,0.2
"VI220408.033","Viruses",NA,2022-04-08,"PE486",3,7,"0.22",3,1,3463.56331393738,824.657931889852,2638.90538204753,8212247.15987808,6303641.60539791,1828492.5616063,80112.9928738714,2371.04,0.3125
"VI220408.034","Viruses",NA,2022-04-08,"PE486",3,7,"0.22",3,2,2078.13798836243,129.883624272652,1948.25436408978,7906899.41812136,5980468.00340817,1841125.23674066,85306.1779725392,3804.8,0.0666666666666667
"VI220408.035","Viruses",NA,2022-04-08,"PE486",3,7,"0.22",3,3,415.627597672485,124.688279301746,290.93931837074,7803546.68883347,5935795.14642786,1798162.39221929,69589.1501863298,18775.3333333333,0.428571428571428
"VI220408.036","Viruses",NA,2022-04-08,"PE486",3,7,"0.22",6,1,4848.98863951233,1305.49694140717,3543.49169810516,7343308.39567747,5481188.01928522,1766749.29437473,95371.0820175291,1514.4,0.368421052631579
"VI220408.037","Viruses",NA,2022-04-08,"PE486",3,7,"0.22",6,2,1246.88279301746,191.828122002686,1055.05467101477,7323358.27098919,5407158.54833083,1833819.55763946,82380.165018904,5873.33333333333,0.181818181818182
"VI220408.038","Viruses",NA,2022-04-08,"PE486",3,7,"0.22",6,3,415.627597672485,83.125519534497,332.502078137988,8178165.69686894,6328152.4232573,1778695.15546896,71318.1181426811,19676.6666666667,0.25
"VI220408.039","Viruses",NA,2022-04-08,"PE486",3,7,"0.22",9,1,2632.30811859241,292.478679843601,2339.82943874881,7137711.27736215,5298051.32586647,1760019.84716659,79640.1043290954,2711.57894736842,0.125
"VI220408.040","Viruses",NA,2022-04-08,"PE486",3,7,"0.22",9,2,5680.2438348573,1175.22286238427,4505.02097247303,7125796.6195622,5306382.37166998,1732107.76224377,87306.4856484565,1254.48780487805,0.260869565217391
"VI220408.041","Viruses",NA,2022-04-08,"PE486",3,7,"0.22",9,3,138.542532557495,30.7872294572212,107.755303100274,7081185.92407869,5319419.23972176,1680039.33028603,81727.3540709041,51112,0.285714285714286
"VI220408.042","Viruses",NA,2022-04-08,"PE486",3,7,"0.22",12,1,1246.88279301746,383.656244005371,863.226549012085,6926018.2876143,5143585.16785517,1707130.20853302,75302.911226112,5554.66666666667,0.444444444444444
"VI220408.043","Viruses",NA,2022-04-08,"PE486",3,7,"0.22",12,2,692.712662787476,314.869392176125,377.843270611351,7298143.53006373,5458246.4802977,1764150.60436038,75746.4454056549,10535.6,0.833333333333333
"VI220408.044","Viruses",NA,2022-04-08,"PE486",3,7,"0.22",12,3,2909.3931837074,459.377871111695,2450.0153125957,6942366.30645608,5175064.7741183,1689876.39044559,77425.1418921906,2386.19047619048,0.1875
"VI210504.012","Viruses",2021-04-17,2021-05-04,"PE486",3,7,"0.22",24,1,1875,375,1500,33365000,24983489.7387716,8005338.04944549,376172.211782911,17794.6666666667,0.25
"VI210504.013","Viruses",2021-04-17,2021-05-04,"PE486",3,7,"0.22",24,2,-625,0,-625,33965000,25710156.0406937,7906844.42996271,347999.529343615,-54344,0
"VI210504.014","Viruses",2021-04-17,2021-05-04,"PE486",3,7,"0.22",24,3,16875,992.64705882353,15882.3529411765,32408750,24324993.3177889,7659847.87306643,423908.809144677,1920.51851851852,0.0625
"VI210504.071","Viruses",2021-04-18,2021-05-04,"PE486",4,7,"0.22",0,1,3750,0,3750,10506562.5,7234096.68763072,2999607.72280967,272858.08955961,2801.75,0
"VI210504.072","Viruses",2021-04-18,2021-05-04,"PE486",4,7,"0.22",0,2,1250,156.25,1093.75,10652812.5,7361590.47919294,3035373.77837327,255848.242433796,8522.25,0.142857142857143
"VI210504.073","Viruses",2021-04-18,2021-05-04,"PE486",4,7,"0.22",0,3,0,0,0,10214062.5,6862649.49384854,3100087.53135452,251325.474796942,Inf,NA
"VI220408.061","Viruses",NA,2022-04-08,"PE486",4,7,"0.22",3,1,1662.51039068994,166.251039068994,1496.25935162095,10780687.1709615,5431081.41738302,4792495.66829229,557110.085286173,6484.58333333333,0.111111111111111
"VI220408.062","Viruses",NA,2022-04-08,"PE486",4,7,"0.22",3,2,1939.59545580493,0,1939.59545580493,10409670.2687725,4997159.23417422,4852419.50878309,560091.525815211,5366.92857142857,0
"VI220408.063","Viruses",NA,2022-04-08,"PE486",4,7,"0.22",3,3,3879.19091160986,138.542532557495,3740.64837905237,9658769.74231089,4565665.57254678,4600361.94125715,492742.228506963,2489.89285714286,0.037037037037037
"VI220408.064","Viruses",NA,2022-04-08,"PE486",4,7,"0.22",6,1,-554.170130229981,0,-554.170130229981,9122887.2263785,4492304.38780759,4199100.37182015,431482.46675075,-16462.25,0
"VI220408.065","Viruses",NA,2022-04-08,"PE486",4,7,"0.22",6,2,831.255195344971,146.692093296171,684.5631020488,9395261.84538653,4476992.76551185,4463286.8629342,454982.216940486,11302.5,0.214285714285714
"VI220408.066","Viruses",NA,2022-04-08,"PE486",4,7,"0.22",6,3,-831.255195344971,0,-831.255195344971,9143391.52119701,4494496.1170537,4231614.54825244,417280.855890874,-10999.5,0
"VI220408.067","Viruses",NA,2022-04-08,"PE486",4,7,"0.22",9,1,54862.8428927681,7246.03585376182,47616.8070390062,8887919.09116099,4937464.5462805,3516105.75655033,434348.788330153,162.002525252525,0.152173913043478
"VI220408.068","Viruses",NA,2022-04-08,"PE486",4,7,"0.22",9,2,831.255195344971,195.589457728228,635.665737616743,8784012.19174287,4221174.5709847,4099956.5972817,462881.023476467,10567.1666666667,0.307692307692308
"VI220408.069","Viruses",NA,2022-04-08,"PE486",4,7,"0.22",9,3,2770.8506511499,0,2770.8506511499,9019534.49709061,4607198.83473873,3960070.58594438,452265.076407501,3255.15,0
"VI220408.070","Viruses",NA,2022-04-08,"PE486",4,7,"0.22",12,1,4433.36104183984,591.114805578646,3842.2462362612,8699778.33194791,4128440.26297892,4124150.69585068,447187.373118308,1962.34375,0.153846153846154
"VI220408.071","Viruses",NA,2022-04-08,"PE486",4,7,"0.22",12,2,1385.42532557495,0,1385.42532557495,9101828.76142976,4414390.97653249,4209807.23221199,477630.552685276,6569.7,0
"VI220408.072","Viruses",NA,2022-04-08,"PE486",4,7,"0.22",12,3,2493.76558603491,216.84918139434,2276.91640464057,9708090.88390136,5092786.62789272,4160418.23299117,454886.023017462,3892.94444444444,0.0952380952380952
"VI210504.074","Viruses",2021-04-18,2021-05-04,"PE486",4,7,"0.22",24,1,625,89.2857142857143,535.714285714286,8713437.5,5840548.56898836,2614092.00045318,258796.930558461,13941.5,0.166666666666667
"VI210504.075","Viruses",2021-04-18,2021-05-04,"PE486",4,7,"0.22",24,2,1875,0,1875,8640937.5,5868330.50713432,2577036.46675336,195570.526112322,4608.5,0
"VI210504.076","Viruses",2021-04-18,2021-05-04,"PE486",4,7,"0.22",24,3,2500,500,2000,8685937.5,5955446.62214141,2513630.97943912,216859.89841947,3474.375,0.25
"VI210504.134","Viruses",2021-04-19,2021-05-04,"PE486",5,7,"0.22",0,1,-2500,0,-2500,31595000,21764101.8186076,9035597.87699032,795300.304402123,-12638,0
"VI210504.135","Viruses",2021-04-19,2021-05-04,"PE486",5,7,"0.22",0,2,1250,104.166666666667,1145.83333333333,33075000,23111045.210385,9169404.65532677,794550.134288272,26460,0.0909090909090908
"VI210504.136","Viruses",2021-04-19,2021-05-04,"PE486",5,7,"0.22",0,3,7500,441.176470588235,7058.82352941176,31490000,21919703.21065,8791061.08065779,779235.708692248,4198.66666666667,0.0625
"VI220408.118","Viruses",NA,2022-04-08,"PE486",5,7,"0.22",3,1,8312.55195344971,1719.83833519649,6592.71361825322,18386325.8520366,13665738.6052109,4353088.32474584,367498.922079881,2211.875,0.260869565217391
"VI220408.119","Viruses",NA,2022-04-08,"PE486",5,7,"0.22",3,2,2770.8506511499,923.616883716635,1847.23376743327,15043294.5414242,10503263.9950017,4159978.23081388,380052.315608615,5429.125,0.5
"VI220408.120","Viruses",NA,2022-04-08,"PE486",5,7,"0.22",3,3,5541.70130229981,665.004156275977,4876.69714602383,17224646.716542,12546809.3531197,4321856.8787415,355980.484680763,3108.1875,0.136363636363636
"VI220408.121","Viruses",NA,2022-04-08,"PE486",5,7,"0.22",6,1,17317.8165696869,5360.27655728404,11957.5400124029,15670892.2139097,11387634.8015547,3961147.93634817,322109.476006807,904.9,0.448275862068966
"VI220408.122","Viruses",NA,2022-04-08,"PE486",5,7,"0.22",6,2,2770.8506511499,527.781076409505,2243.0695747404,16011706.8440011,11701554.3839349,3987773.57107345,322378.888992743,5778.625,0.235294117647059
"VI220408.123","Viruses",NA,2022-04-08,"PE486",5,7,"0.22",6,3,11083.4026045996,1343.44273995147,9739.95986464814,15925810.4738155,11438081.5679805,4116137.76034511,371591.145489819,1436.90625,0.137931034482759
"VI220408.124","Viruses",NA,2022-04-08,"PE486",5,7,"0.22",9,1,6927.12662787476,513.120490953686,6414.00613692107,15306525.3532835,10933517.3497847,4029257.79248937,343750.211009406,2209.65,0.08
"VI220408.125","Viruses",NA,2022-04-08,"PE486",5,7,"0.22",9,2,5541.70130229981,665.004156275977,4876.69714602383,14740579.1077861,10659767.5524104,3740909.89336942,339901.662006237,2659.9375,0.136363636363636
"VI220408.126","Viruses",NA,2022-04-08,"PE486",5,7,"0.22",9,3,732889.997229149,253614.026948134,479275.970281016,4161471.32169576,3731636.71893549,284555.309648556,145279.29311171,5.67816635160681,0.529160739687055
"VI220408.127","Viruses",NA,2022-04-08,"PE486",5,7,"0.22",12,1,6927.12662787476,513.120490953686,6414.00613692107,15150665.0041563,10837284.7674053,3985722.84742609,327657.38932484,2187.15,0.08
"VI220408.128","Viruses",NA,2022-04-08,"PE486",5,7,"0.22",12,2,13854.2532557495,2621.07494027694,11233.1783154726,14528609.0329731,10582968.4302198,3625185.8505875,320454.752165769,1048.675,0.233333333333333
"VI220408.129","Viruses",NA,2022-04-08,"PE486",5,7,"0.22",12,3,11083.4026045996,2351.02479491507,8732.37780968454,15330770.296481,11174918.7024054,3845326.36296624,310525.231109327,1383.21875,0.269230769230769
"VI210504.137","Viruses",2021-04-19,2021-05-04,"PE486",5,7,"0.22",24,1,5000,1333.33333333333,3666.66666666667,27183750,18827468.9409369,7705445.85879158,650835.200271555,5436.75,0.363636363636364
"VI210504.138","Viruses",2021-04-19,2021-05-04,"PE486",5,7,"0.22",24,2,5000,333.333333333333,4666.66666666667,27600000,19053451.0433387,7899250.93632959,647298.020331728,5520,0.0714285714285715
"VI210504.139","Viruses",2021-04-19,2021-05-04,"PE486",5,7,"0.22",24,3,3750,267.857142857143,3482.14285714286,27688750,19245151.8956398,7777807.90257345,665790.201786746,7383.66666666667,0.076923076923077
"VI210504.197","Viruses",2021-04-20,2021-05-04,"PE486",6,7,"0.22",0,1,12500,657.894736842105,11842.1052631579,37622500,29227030.0677999,8025788.29714061,369681.635059448,3009.8,0.0555555555555556
"VI210504.198","Viruses",2021-04-20,2021-05-04,"PE486",6,7,"0.22",0,2,8750,546.875,8203.125,38880000,30151509.6553255,8264943.39981609,463546.94485842,4443.42857142857,0.0666666666666667
"VI210504.199","Viruses",2021-04-20,2021-05-04,"PE486",6,7,"0.22",0,3,11250,625,10625,37306250,29042394.4365546,7895450.49210648,368405.071338926,3316.11111111111,0.0588235294117647
"VI220408.134","Viruses",NA,2022-04-08,"PE486",6,7,"0.22",3,1,-11776.1152673871,-4308.3348539221,-7467.78041346498,38189249.0994735,29498974.4683905,8288381.24595513,401893.385127936,-3242.94117647059,0.576923076923077
"VI220408.135","Viruses",NA,2022-04-08,"PE486",6,7,"0.22",3,2,-31172.0698254364,-6927.12662787476,-24244.9431975616,39673039.6231643,30652781.6116091,8621891.22650957,398366.785045635,-1272.71111111111,0.285714285714286
"VI220408.136","Viruses",NA,2022-04-08,"PE486",6,7,"0.22",3,3,-2078.13798836243,-692.712662787476,-1385.42532557495,38406760.8755888,29878326.8477796,8153263.32430777,375170.703501426,-18481.3333333333,0.5
"VI220408.137","Viruses",NA,2022-04-08,"PE486",6,7,"0.22",6,1,-10390.6899418121,-2721.37117523651,-7669.31876657562,37184815.7384317,28143586.514002,8610248.3494828,430980.874946908,-3578.66666666667,0.35483870967742
"VI220408.138","Viruses",NA,2022-04-08,"PE486",6,7,"0.22",6,2,-6234.41396508728,-1385.42532557495,-4848.98863951233,37784704.9044057,28903323.9748994,8436776.21469983,444604.714806404,-6060.66666666667,0.285714285714286
"VI220408.139","Viruses",NA,2022-04-08,"PE486",6,7,"0.22",6,3,-14546.965918537,-4848.98863951233,-9697.97727902466,37445275.6996398,28640213.909274,8368624.18299779,436437.607367986,-2574.09523809524,0.5
"VI220408.140","Viruses",NA,2022-04-08,"PE486",6,7,"0.22",9,1,-4848.98863951233,-1159.54076162251,-3689.44787788982,34948739.2629537,26877995.1722311,7716822.66361,353921.427112608,-7207.42857142857,0.314285714285714
"VI220408.141","Viruses",NA,2022-04-08,"PE486",6,7,"0.22",9,2,-9005.26461623718,-2931.94661924002,-6073.31799699717,33797450.8174009,25868649.1574321,7509951.77416298,418849.885805892,-3753.07692307692,0.482758620689656
"VI220408.142","Viruses",NA,2022-04-08,"PE486",6,7,"0.22",9,3,-3463.56331393738,-1400.1638928683,-2063.39942106908,36702687.7251316,28280896.5452197,8004380.7195255,417410.460386421,-10596.8,0.678571428571428
"VI220408.143","Viruses",NA,2022-04-08,"PE486",6,7,"0.22",12,1,-4848.98863951233,-1897.43033720048,-2951.55830231186,33028539.7617068,25495761.6673978,7126285.29197992,406492.802329134,-6811.42857142857,0.642857142857142
"VI220408.144","Viruses",NA,2022-04-08,"PE486",6,7,"0.22",12,2,-15932.3912441119,-6708.37526067871,-9224.01598343323,34520642.8373511,26195853.4513067,7881583.79333001,443205.592714357,-2166.69565217391,0.727272727272727
"VI220408.145","Viruses",NA,2022-04-08,"PE486",6,7,"0.22",12,3,-2078.13798836243,-952.479911332779,-1125.65807702964,30666389.5816015,23251281.2977979,6964620.52247579,450487.761327856,-14756.6666666667,0.84615384615385
"VI210504.200","Viruses",2021-04-20,2021-05-04,"PE486",6,7,"0.22",24,1,6250,2678.57142857143,3571.42857142857,32130000,24820630.9063779,6970084.55446302,339284.539159047,5140.8,0.75
"VI210504.201","Viruses",2021-04-20,2021-05-04,"PE486",6,7,"0.22",24,2,8750,3281.25,5468.75,32052500,24770467.0182167,6920635.66634708,361397.315436242,3663.14285714286,0.6
"VI210504.202","Viruses",2021-04-20,2021-05-04,"PE486",6,7,"0.22",24,3,3750,1562.5,2187.5,30943750,23895778.9919803,6729786.5054788,318184.502540892,8251.66666666667,0.714285714285714
"VI210506.031","Viruses",2021-04-21,2021-05-06,"PE486",7,7,"0.22",0,1,4958.71866709642,550.968740788491,4407.74992630793,33194902.4372102,25671010.3140806,7079769.35656415,444122.766565494,6694.25,0.125
"VI210506.032","Viruses",2021-04-21,2021-05-06,"PE486",7,7,"0.22",0,2,16115.8356680634,2685.9726113439,13429.8630567195,33534574.6659063,25938581.9601739,7162412.44151937,433580.264213047,2080.84615384615,0.2
"VI210506.033","Viruses",2021-04-21,2021-05-06,"PE486",7,7,"0.22",0,3,-1239.67966677411,0,-1239.67966677411,32670517.9381648,25395330.4864624,6834916.04883517,440271.402867168,-26354,0
"VI220413.005","Viruses",NA,2022-04-13,"PE486",7,7,"0.22",3,1,39911.9185246353,4837.8083060164,35074.1102186189,36694880.2642444,28863035.9265909,7286214.6959899,545629.641663673,919.396551724138,0.137931034482759
"VI220413.006","Viruses",NA,2022-04-13,"PE486",7,7,"0.22",3,2,26149.187998899,5684.60608671717,20464.5819121818,36288879.7137352,28417716.2577546,7284780.42446173,586383.031518896,1387.76315789474,0.277777777777778
"VI220413.007","Viruses",NA,2022-04-13,"PE486",7,7,"0.22",3,3,44040.7376823562,1223.35382450989,42817.3838578463,35852601.1560694,27940178.9104658,7334216.65766563,578205.5879379,814.078125,0.0285714285714286
"BA220413.052","Viruses",NA,2022-04-13,"PE486",7,7,"0.22",6,1,19955.9592623176,1173.87995660692,18782.0793057107,31160886.3198459,23601456.8131015,6844633.48569494,714796.021049452,1561.48275862069,0.0625
"BA220413.053","Viruses",NA,2022-04-13,"PE486",7,7,"0.22",6,2,32342.4167354803,1243.93910521078,31098.4776302695,29141893.7517203,21538517.1138228,6951132.63713703,652244.000760493,901.042553191489,0.04
"BA220413.054","Viruses",NA,2022-04-13,"PE486",7,7,"0.22",6,3,24084.7784200385,2408.47784200385,21676.3005780347,28858381.5028902,21500184.2970975,6724640.3902886,633556.815504125,1198.2,0.111111111111111
"VI220413.011","Viruses",NA,2022-04-13,"PE486",7,7,"0.22",9,1,19267.8227360308,3211.30378933847,16056.5189466924,32586705.2023121,24965270.9381913,7087895.57338188,533538.690738992,1691.25,0.2
"VI220413.012","Viruses",NA,2022-04-13,"PE486",7,7,"0.22",9,2,12386.4574731627,2858.41326303754,9528.04421012514,31551747.8667768,24437387.7355442,6622836.41355662,491523.717675996,2547.27777777778,0.3
"VI220413.013","Viruses",NA,2022-04-13,"PE486",7,7,"0.22",9,3,6881.36526286815,764.596140318684,6116.76912254947,32190338.5631709,24914929.265061,6797183.44591162,478225.852198285,4677.9,0.125
"VI220413.014","Viruses",NA,2022-04-13,"PE486",7,7,"0.22",12,1,1376.27305257363,550.509221029452,825.763831544179,31610927.6080374,24137702.3872984,6996915.36515683,476309.855582209,22968.5,0.666666666666666
"VI220413.015","Viruses",NA,2022-04-13,"PE486",7,7,"0.22",12,2,2752.54610514726,0,2752.54610514726,31447151.1147812,23981921.8160573,7018384.91198238,446844.386741486,11424.75,0
"VI220413.016","Viruses",NA,2022-04-13,"PE486",7,7,"0.22",12,3,8257.63831544179,0,8257.63831544179,30976465.730801,23695216.0274116,6881963.56876416,399286.134625267,3751.25,0
"VI210506.034","Viruses",2021-04-21,2021-05-06,"PE486",7,7,"0.22",24,1,3719.03900032232,464.87987504029,3254.15912528203,27773783.2544071,20986894.3318633,6317809.03009081,469079.892452974,7468,0.142857142857143
"VI210506.035","Viruses",2021-04-21,2021-05-06,"PE486",7,7,"0.22",24,2,3719.03900032232,464.87987504029,3254.15912528203,27729154.7864032,21162531.7654049,6099941.46409032,466681.556907936,7456,0.142857142857143
"VI210506.036","Viruses",2021-04-21,2021-05-06,"PE486",7,7,"0.22",24,3,11157.1170009669,1593.87385728099,9563.24314368596,26793196.6379887,20423693.5851541,5915381.07591959,454121.976915063,2401.44444444444,0.166666666666667
