"file_name","pop","count"
vi201123.001.1,root,975
vi201123.001.1,Bacteria,10
vi201123.001.1,HNA_Bacteria,1
vi201123.001.1,LNA_Bacteria,8
vi201123.001.1,Viruses,322
vi201123.001.1,V1,304
vi201123.001.1,V2,1
vi201123.001.1,V3,0
vi201123.002.1,root,915
vi201123.002.1,Bacteria,2
vi201123.002.1,HNA_Bacteria,0
vi201123.002.1,LNA_Bacteria,2
vi201123.002.1,Viruses,566
vi201123.002.1,V1,555
vi201123.002.1,V2,4
vi201123.002.1,V3,0
vi201123.003.1,root,1005
vi201123.003.1,Bacteria,6
vi201123.003.1,HNA_Bacteria,0
vi201123.003.1,LNA_Bacteria,6
vi201123.003.1,Viruses,625
vi201123.003.1,V1,611
vi201123.003.1,V2,0
vi201123.003.1,V3,0
vi201123.004.1,root,1080
vi201123.004.1,Bacteria,4
vi201123.004.1,HNA_Bacteria,1
vi201123.004.1,LNA_Bacteria,3
vi201123.004.1,Viruses,738
vi201123.004.1,V1,727
vi201123.004.1,V2,0
vi201123.004.1,V3,0
vi201123.012.1,root,25245
vi201123.012.1,Bacteria,34
vi201123.012.1,HNA_Bacteria,20
vi201123.012.1,LNA_Bacteria,13
vi201123.012.1,Viruses,24299
vi201123.012.1,V1,18086
vi201123.012.1,V2,5688
vi201123.012.1,V3,482
vi201123.013.1,root,26955
vi201123.013.1,Bacteria,40
vi201123.013.1,HNA_Bacteria,18
vi201123.013.1,LNA_Bacteria,20
vi201123.013.1,Viruses,26355
vi201123.013.1,V1,19543
vi201123.013.1,V2,6244
vi201123.013.1,V3,510
vi201123.014.1,root,25950
vi201123.014.1,Bacteria,43
vi201123.014.1,HNA_Bacteria,20
vi201123.014.1,LNA_Bacteria,23
vi201123.014.1,Viruses,25052
vi201123.014.1,V1,18627
vi201123.014.1,V2,5849
vi201123.014.1,V3,510
vi201123.015.1,root,21765
vi201123.015.1,Bacteria,48
vi201123.015.1,HNA_Bacteria,28
vi201123.015.1,LNA_Bacteria,20
vi201123.015.1,Viruses,21202
vi201123.015.1,V1,15688
vi201123.015.1,V2,5025
vi201123.015.1,V3,443
vi201123.016.1,root,20835
vi201123.016.1,Bacteria,56
vi201123.016.1,HNA_Bacteria,36
vi201123.016.1,LNA_Bacteria,20
vi201123.016.1,Viruses,20247
vi201123.016.1,V1,14708
vi201123.016.1,V2,5067
vi201123.016.1,V3,430
vi201123.017.1,root,20715
vi201123.017.1,Bacteria,44
vi201123.017.1,HNA_Bacteria,28
vi201123.017.1,LNA_Bacteria,15
vi201123.017.1,Viruses,20047
vi201123.017.1,V1,14556
vi201123.017.1,V2,4991
vi201123.017.1,V3,432
vi201123.018.1,root,1155
vi201123.018.1,Bacteria,5
vi201123.018.1,HNA_Bacteria,0
vi201123.018.1,LNA_Bacteria,5
vi201123.018.1,Viruses,919
vi201123.018.1,V1,895
vi201123.018.1,V2,18
vi201123.018.1,V3,3
vi201123.019.1,root,1215
vi201123.019.1,Bacteria,3
vi201123.019.1,HNA_Bacteria,0
vi201123.019.1,LNA_Bacteria,3
vi201123.019.1,Viruses,979
vi201123.019.1,V1,963
vi201123.019.1,V2,1
vi201123.019.1,V3,0
vi201123.020.1,root,1170
vi201123.020.1,Bacteria,6
vi201123.020.1,HNA_Bacteria,0
vi201123.020.1,LNA_Bacteria,6
vi201123.020.1,Viruses,911
vi201123.020.1,V1,905
vi201123.020.1,V2,0
vi201123.020.1,V3,0
vi201123.021.1,root,1305
vi201123.021.1,Bacteria,2
vi201123.021.1,HNA_Bacteria,0
vi201123.021.1,LNA_Bacteria,2
vi201123.021.1,Viruses,1048
vi201123.021.1,V1,1040
vi201123.021.1,V2,3
vi201123.021.1,V3,0
vi201123.022.1,root,1395
vi201123.022.1,Bacteria,7
vi201123.022.1,HNA_Bacteria,1
vi201123.022.1,LNA_Bacteria,6
vi201123.022.1,Viruses,955
vi201123.022.1,V1,946
vi201123.022.1,V2,1
vi201123.022.1,V3,0
vi201123.023.1,root,1275
vi201123.023.1,Bacteria,9
vi201123.023.1,HNA_Bacteria,1
vi201123.023.1,LNA_Bacteria,8
vi201123.023.1,Viruses,910
vi201123.023.1,V1,904
vi201123.023.1,V2,1
vi201123.023.1,V3,0
vi201123.024.1,root,1395
vi201123.024.1,Bacteria,5
vi201123.024.1,HNA_Bacteria,2
vi201123.024.1,LNA_Bacteria,3
vi201123.024.1,Viruses,1019
vi201123.024.1,V1,1005
vi201123.024.1,V2,1
vi201123.024.1,V3,1
vi201123.025.1,root,1905
vi201123.025.1,Bacteria,9
vi201123.025.1,HNA_Bacteria,3
vi201123.025.1,LNA_Bacteria,6
vi201123.025.1,Viruses,1209
vi201123.025.1,V1,1197
vi201123.025.1,V2,2
vi201123.025.1,V3,0
vi201123.026.1,root,1620
vi201123.026.1,Bacteria,5
vi201123.026.1,HNA_Bacteria,1
vi201123.026.1,LNA_Bacteria,4
vi201123.026.1,Viruses,909
vi201123.026.1,V1,900
vi201123.026.1,V2,2
vi201123.026.1,V3,0
vi201123.027.1,root,1200
vi201123.027.1,Bacteria,10
vi201123.027.1,HNA_Bacteria,0
vi201123.027.1,LNA_Bacteria,10
vi201123.027.1,Viruses,798
vi201123.027.1,V1,784
vi201123.027.1,V2,1
vi201123.027.1,V3,0
vi201123.028.1,root,1305
vi201123.028.1,Bacteria,7
vi201123.028.1,HNA_Bacteria,1
vi201123.028.1,LNA_Bacteria,6
vi201123.028.1,Viruses,893
vi201123.028.1,V1,883
vi201123.028.1,V2,0
vi201123.028.1,V3,0
vi201123.030.1,root,7080
vi201123.030.1,Bacteria,718
vi201123.030.1,HNA_Bacteria,403
vi201123.030.1,LNA_Bacteria,310
vi201123.030.1,Viruses,5143
vi201123.030.1,V1,4658
vi201123.030.1,V2,337
vi201123.030.1,V3,108
vi201123.031.1,root,7170
vi201123.031.1,Bacteria,691
vi201123.031.1,HNA_Bacteria,392
vi201123.031.1,LNA_Bacteria,299
vi201123.031.1,Viruses,4999
vi201123.031.1,V1,4563
vi201123.031.1,V2,292
vi201123.031.1,V3,105
vi201123.032.1,root,6240
vi201123.032.1,Bacteria,645
vi201123.032.1,HNA_Bacteria,390
vi201123.032.1,LNA_Bacteria,246
vi201123.032.1,Viruses,4222
vi201123.032.1,V1,3785
vi201123.032.1,V2,273
vi201123.032.1,V3,126
vi201123.033.1,root,8760
vi201123.033.1,Bacteria,734
vi201123.033.1,HNA_Bacteria,414
vi201123.033.1,LNA_Bacteria,313
vi201123.033.1,Viruses,6644
vi201123.033.1,V1,6174
vi201123.033.1,V2,324
vi201123.033.1,V3,107
vi201123.034.1,root,7155
vi201123.034.1,Bacteria,679
vi201123.034.1,HNA_Bacteria,398
vi201123.034.1,LNA_Bacteria,275
vi201123.034.1,Viruses,4986
vi201123.034.1,V1,4561
vi201123.034.1,V2,286
vi201123.034.1,V3,98
vi201123.035.1,root,6765
vi201123.035.1,Bacteria,661
vi201123.035.1,HNA_Bacteria,342
vi201123.035.1,LNA_Bacteria,312
vi201123.035.1,Viruses,4733
vi201123.035.1,V1,4316
vi201123.035.1,V2,267
vi201123.035.1,V3,109
vi201123.037.1,root,840
vi201123.037.1,Bacteria,3
vi201123.037.1,HNA_Bacteria,1
vi201123.037.1,LNA_Bacteria,2
vi201123.037.1,Viruses,594
vi201123.037.1,V1,583
vi201123.037.1,V2,1
vi201123.037.1,V3,1
vi201123.038.1,root,1560
vi201123.038.1,Bacteria,8
vi201123.038.1,HNA_Bacteria,1
vi201123.038.1,LNA_Bacteria,7
vi201123.038.1,Viruses,869
vi201123.038.1,V1,854
vi201123.038.1,V2,2
vi201123.038.1,V3,0
vi201123.039.1,root,1455
vi201123.039.1,Bacteria,7
vi201123.039.1,HNA_Bacteria,2
vi201123.039.1,LNA_Bacteria,5
vi201123.039.1,Viruses,889
vi201123.039.1,V1,871
vi201123.039.1,V2,1
vi201123.039.1,V3,0
vi201123.040.1,root,990
vi201123.040.1,Bacteria,1
vi201123.040.1,HNA_Bacteria,0
vi201123.040.1,LNA_Bacteria,1
vi201123.040.1,Viruses,513
vi201123.040.1,V1,507
vi201123.040.1,V2,1
vi201123.040.1,V3,1
vi201123.041.1,root,1320
vi201123.041.1,Bacteria,5
vi201123.041.1,HNA_Bacteria,2
vi201123.041.1,LNA_Bacteria,3
vi201123.041.1,Viruses,843
vi201123.041.1,V1,831
vi201123.041.1,V2,0
vi201123.041.1,V3,1
vi201123.042.1,root,12780
vi201123.042.1,Bacteria,677
vi201123.042.1,HNA_Bacteria,385
vi201123.042.1,LNA_Bacteria,289
vi201123.042.1,Viruses,10937
vi201123.042.1,V1,10556
vi201123.042.1,V2,271
vi201123.042.1,V3,81
vi201123.043.1,root,8250
vi201123.043.1,Bacteria,700
vi201123.043.1,HNA_Bacteria,384
vi201123.043.1,LNA_Bacteria,312
vi201123.043.1,Viruses,6376
vi201123.043.1,V1,5919
vi201123.043.1,V2,312
vi201123.043.1,V3,99
vi201123.044.1,root,7290
vi201123.044.1,Bacteria,655
vi201123.044.1,HNA_Bacteria,379
vi201123.044.1,LNA_Bacteria,272
vi201123.044.1,Viruses,5783
vi201123.044.1,V1,5448
vi201123.044.1,V2,219
vi201123.044.1,V3,93
vi201123.045.1,root,14130
vi201123.045.1,Bacteria,795
vi201123.045.1,HNA_Bacteria,423
vi201123.045.1,LNA_Bacteria,364
vi201123.045.1,Viruses,11980
vi201123.045.1,V1,11369
vi201123.045.1,V2,414
vi201123.045.1,V3,135
vi201123.046.1,root,8505
vi201123.046.1,Bacteria,712
vi201123.046.1,HNA_Bacteria,399
vi201123.046.1,LNA_Bacteria,308
vi201123.046.1,Viruses,6900
vi201123.046.1,V1,6455
vi201123.046.1,V2,315
vi201123.046.1,V3,90
vi201123.047.1,root,7650
vi201123.047.1,Bacteria,710
vi201123.047.1,HNA_Bacteria,413
vi201123.047.1,LNA_Bacteria,294
vi201123.047.1,Viruses,5957
vi201123.047.1,V1,5568
vi201123.047.1,V2,262
vi201123.047.1,V3,93
vi201123.048.1,root,870
vi201123.048.1,Bacteria,5
vi201123.048.1,HNA_Bacteria,2
vi201123.048.1,LNA_Bacteria,3
vi201123.048.1,Viruses,573
vi201123.048.1,V1,567
vi201123.048.1,V2,0
vi201123.048.1,V3,0
vi201123.049.1,root,1185
vi201123.049.1,Bacteria,17
vi201123.049.1,HNA_Bacteria,0
vi201123.049.1,LNA_Bacteria,17
vi201123.049.1,Viruses,612
vi201123.049.1,V1,603
vi201123.049.1,V2,3
vi201123.049.1,V3,0
vi201123.050.1,root,1665
vi201123.050.1,Bacteria,7
vi201123.050.1,HNA_Bacteria,2
vi201123.050.1,LNA_Bacteria,5
vi201123.050.1,Viruses,1243
vi201123.050.1,V1,1216
vi201123.050.1,V2,22
vi201123.050.1,V3,0
vi201123.051.1,root,1005
vi201123.051.1,Bacteria,20
vi201123.051.1,HNA_Bacteria,7
vi201123.051.1,LNA_Bacteria,13
vi201123.051.1,Viruses,629
vi201123.051.1,V1,616
vi201123.051.1,V2,0
vi201123.051.1,V3,0
vi201123.052.1,root,840
vi201123.052.1,Bacteria,3
vi201123.052.1,HNA_Bacteria,2
vi201123.052.1,LNA_Bacteria,1
vi201123.052.1,Viruses,490
vi201123.052.1,V1,481
vi201123.052.1,V2,1
vi201123.052.1,V3,0
vi201123.053.1,root,11685
vi201123.053.1,Bacteria,530
vi201123.053.1,HNA_Bacteria,339
vi201123.053.1,LNA_Bacteria,184
vi201123.053.1,Viruses,9960
vi201123.053.1,V1,9459
vi201123.053.1,V2,365
vi201123.053.1,V3,93
vi201123.054.1,root,7560
vi201123.054.1,Bacteria,536
vi201123.054.1,HNA_Bacteria,317
vi201123.054.1,LNA_Bacteria,215
vi201123.054.1,Viruses,6090
vi201123.054.1,V1,5615
vi201123.054.1,V2,343
vi201123.054.1,V3,82
vi201123.055.1,root,6780
vi201123.055.1,Bacteria,563
vi201123.055.1,HNA_Bacteria,329
vi201123.055.1,LNA_Bacteria,227
vi201123.055.1,Viruses,5174
vi201123.055.1,V1,4741
vi201123.055.1,V2,298
vi201123.055.1,V3,96
vi201123.056.1,root,12045
vi201123.056.1,Bacteria,575
vi201123.056.1,HNA_Bacteria,360
vi201123.056.1,LNA_Bacteria,203
vi201123.056.1,Viruses,10462
vi201123.056.1,V1,9864
vi201123.056.1,V2,425
vi201123.056.1,V3,98
vi201123.057.1,root,14280
vi201123.057.1,Bacteria,755
vi201123.057.1,HNA_Bacteria,397
vi201123.057.1,LNA_Bacteria,350
vi201123.057.1,Viruses,7694
vi201123.057.1,V1,7093
vi201123.057.1,V2,411
vi201123.057.1,V3,90
vi201123.058.1,root,8940
vi201123.058.1,Bacteria,571
vi201123.058.1,HNA_Bacteria,357
vi201123.058.1,LNA_Bacteria,204
vi201123.058.1,Viruses,7345
vi201123.058.1,V1,6865
vi201123.058.1,V2,355
vi201123.058.1,V3,85
vi201123.059.1,root,13080
vi201123.059.1,Bacteria,655
vi201123.059.1,HNA_Bacteria,334
vi201123.059.1,LNA_Bacteria,313
vi201123.059.1,Viruses,7692
vi201123.059.1,V1,7117
vi201123.059.1,V2,410
vi201123.059.1,V3,87
vi201123.060.1,root,9705
vi201123.060.1,Bacteria,607
vi201123.060.1,HNA_Bacteria,381
vi201123.060.1,LNA_Bacteria,216
vi201123.060.1,Viruses,7243
vi201123.060.1,V1,6740
vi201123.060.1,V2,356
vi201123.060.1,V3,118
vi201123.061.1,root,900
vi201123.061.1,Bacteria,7
vi201123.061.1,HNA_Bacteria,4
vi201123.061.1,LNA_Bacteria,3
vi201123.061.1,Viruses,544
vi201123.061.1,V1,538
vi201123.061.1,V2,1
vi201123.061.1,V3,0
vi201123.062.1,root,1410
vi201123.062.1,Bacteria,6
vi201123.062.1,HNA_Bacteria,2
vi201123.062.1,LNA_Bacteria,3
vi201123.062.1,Viruses,912
vi201123.062.1,V1,895
vi201123.062.1,V2,5
vi201123.062.1,V3,0
vi201123.063.1,root,840
vi201123.063.1,Bacteria,3
vi201123.063.1,HNA_Bacteria,0
vi201123.063.1,LNA_Bacteria,3
vi201123.063.1,Viruses,510
vi201123.063.1,V1,501
vi201123.063.1,V2,3
vi201123.063.1,V3,0
vi201123.064.1,root,840
vi201123.064.1,Bacteria,2
vi201123.064.1,HNA_Bacteria,0
vi201123.064.1,LNA_Bacteria,2
vi201123.064.1,Viruses,558
vi201123.064.1,V1,552
vi201123.064.1,V2,1
vi201123.064.1,V3,0
vi201123.065.1,root,1020
vi201123.065.1,Bacteria,3
vi201123.065.1,HNA_Bacteria,0
vi201123.065.1,LNA_Bacteria,3
vi201123.065.1,Viruses,533
vi201123.065.1,V1,526
vi201123.065.1,V2,2
vi201123.065.1,V3,0
vi201123.066.1,root,990
vi201123.066.1,Bacteria,3
vi201123.066.1,HNA_Bacteria,0
vi201123.066.1,LNA_Bacteria,3
vi201123.066.1,Viruses,677
vi201123.066.1,V1,662
vi201123.066.1,V2,7
vi201123.066.1,V3,0
vi201123.068.1,root,22965
vi201123.068.1,Bacteria,4920
vi201123.068.1,HNA_Bacteria,1815
vi201123.068.1,LNA_Bacteria,3054
vi201123.068.1,Viruses,12304
vi201123.068.1,V1,9127
vi201123.068.1,V2,2081
vi201123.068.1,V3,706
vi201123.069.1,root,20385
vi201123.069.1,Bacteria,4570
vi201123.069.1,HNA_Bacteria,1589
vi201123.069.1,LNA_Bacteria,2930
vi201123.069.1,Viruses,10489
vi201123.069.1,V1,7544
vi201123.069.1,V2,1946
vi201123.069.1,V3,608
vi201123.070.1,root,22665
vi201123.070.1,Bacteria,4660
vi201123.070.1,HNA_Bacteria,1678
vi201123.070.1,LNA_Bacteria,2919
vi201123.070.1,Viruses,9613
vi201123.070.1,V1,6729
vi201123.070.1,V2,1877
vi201123.070.1,V3,672
vi201123.071.1,root,24660
vi201123.071.1,Bacteria,4719
vi201123.071.1,HNA_Bacteria,1721
vi201123.071.1,LNA_Bacteria,2935
vi201123.071.1,Viruses,13287
vi201123.071.1,V1,10323
vi201123.071.1,V2,1991
vi201123.071.1,V3,560
vi201123.072.1,root,23220
vi201123.072.1,Bacteria,4667
vi201123.072.1,HNA_Bacteria,1704
vi201123.072.1,LNA_Bacteria,2921
vi201123.072.1,Viruses,12595
vi201123.072.1,V1,9564
vi201123.072.1,V2,2006
vi201123.072.1,V3,613
vi201123.073.1,root,22785
vi201123.073.1,Bacteria,4681
vi201123.073.1,HNA_Bacteria,1740
vi201123.073.1,LNA_Bacteria,2889
vi201123.073.1,Viruses,11908
vi201123.073.1,V1,8864
vi201123.073.1,V2,2025
vi201123.073.1,V3,623
vi201123.074.1,root,31125
vi201123.074.1,Bacteria,4811
vi201123.074.1,HNA_Bacteria,1836
vi201123.074.1,LNA_Bacteria,2920
vi201123.074.1,Viruses,18912
vi201123.074.1,V1,15569
vi201123.074.1,V2,2251
vi201123.074.1,V3,656
vi201123.075.1,root,27285
vi201123.075.1,Bacteria,4592
vi201123.075.1,HNA_Bacteria,1719
vi201123.075.1,LNA_Bacteria,2802
vi201123.075.1,Viruses,17783
vi201123.075.1,V1,13977
vi201123.075.1,V2,2734
vi201123.075.1,V3,683
vi201123.076.1,root,27510
vi201123.076.1,Bacteria,4519
vi201123.076.1,HNA_Bacteria,1714
vi201123.076.1,LNA_Bacteria,2751
vi201123.076.1,Viruses,18391
vi201123.076.1,V1,14721
vi201123.076.1,V2,2690
vi201123.076.1,V3,578
vi201123.078.1,root,7065
vi201123.078.1,Bacteria,1079
vi201123.078.1,HNA_Bacteria,508
vi201123.078.1,LNA_Bacteria,551
vi201123.078.1,Viruses,4336
vi201123.078.1,V1,3369
vi201123.078.1,V2,623
vi201123.078.1,V3,251
vi201123.079.1,root,7965
vi201123.079.1,Bacteria,989
vi201123.079.1,HNA_Bacteria,479
vi201123.079.1,LNA_Bacteria,494
vi201123.079.1,Viruses,4726
vi201123.079.1,V1,3648
vi201123.079.1,V2,703
vi201123.079.1,V3,221
vi201123.080.1,root,6390
vi201123.080.1,Bacteria,1003
vi201123.080.1,HNA_Bacteria,449
vi201123.080.1,LNA_Bacteria,539
vi201123.080.1,Viruses,2507
vi201123.080.1,V1,1769
vi201123.080.1,V2,434
vi201123.080.1,V3,188
vi201123.081.1,root,6585
vi201123.081.1,Bacteria,1019
vi201123.081.1,HNA_Bacteria,469
vi201123.081.1,LNA_Bacteria,530
vi201123.081.1,Viruses,3384
vi201123.081.1,V1,2541
vi201123.081.1,V2,490
vi201123.081.1,V3,193
vi201123.082.1,root,7830
vi201123.082.1,Bacteria,1054
vi201123.082.1,HNA_Bacteria,520
vi201123.082.1,LNA_Bacteria,517
vi201123.082.1,Viruses,4357
vi201123.082.1,V1,3440
vi201123.082.1,V2,601
vi201123.082.1,V3,164
vi201123.083.1,root,6780
vi201123.083.1,Bacteria,964
vi201123.083.1,HNA_Bacteria,476
vi201123.083.1,LNA_Bacteria,472
vi201123.083.1,Viruses,3573
vi201123.083.1,V1,2697
vi201123.083.1,V2,527
vi201123.083.1,V3,210
vi201123.084.1,root,8805
vi201123.084.1,Bacteria,973
vi201123.084.1,HNA_Bacteria,475
vi201123.084.1,LNA_Bacteria,483
vi201123.084.1,Viruses,5278
vi201123.084.1,V1,4451
vi201123.084.1,V2,567
vi201123.084.1,V3,200
vi201123.085.1,root,7800
vi201123.085.1,Bacteria,972
vi201123.085.1,HNA_Bacteria,488
vi201123.085.1,LNA_Bacteria,476
vi201123.085.1,Viruses,5010
vi201123.085.1,V1,4161
vi201123.085.1,V2,590
vi201123.085.1,V3,198
vi201123.086.1,root,8160
vi201123.086.1,Bacteria,895
vi201123.086.1,HNA_Bacteria,473
vi201123.086.1,LNA_Bacteria,408
vi201123.086.1,Viruses,6048
vi201123.086.1,V1,5176
vi201123.086.1,V2,573
vi201123.086.1,V3,252
vi201123.087.1,root,1110
vi201123.087.1,Bacteria,41
vi201123.087.1,HNA_Bacteria,26
vi201123.087.1,LNA_Bacteria,15
vi201123.087.1,Viruses,734
vi201123.087.1,V1,704
vi201123.087.1,V2,14
vi201123.087.1,V3,10
vi201123.088.1,root,915
vi201123.088.1,Bacteria,14
vi201123.088.1,HNA_Bacteria,5
vi201123.088.1,LNA_Bacteria,9
vi201123.088.1,Viruses,497
vi201123.088.1,V1,487
vi201123.088.1,V2,4
vi201123.088.1,V3,0
vi201123.089.1,root,1020
vi201123.089.1,Bacteria,20
vi201123.089.1,HNA_Bacteria,13
vi201123.089.1,LNA_Bacteria,7
vi201123.089.1,Viruses,475
vi201123.089.1,V1,465
vi201123.089.1,V2,1
vi201123.089.1,V3,0
vi201123.090.1,root,915
vi201123.090.1,Bacteria,9
vi201123.090.1,HNA_Bacteria,1
vi201123.090.1,LNA_Bacteria,7
vi201123.090.1,Viruses,431
vi201123.090.1,V1,420
vi201123.090.1,V2,1
vi201123.090.1,V3,0
vi201123.091.1,root,44490
vi201123.091.1,Bacteria,4533
vi201123.091.1,HNA_Bacteria,1615
vi201123.091.1,LNA_Bacteria,2873
vi201123.091.1,Viruses,31400
vi201123.091.1,V1,26800
vi201123.091.1,V2,3397
vi201123.091.1,V3,582
vi201123.092.1,root,29505
vi201123.092.1,Bacteria,4630
vi201123.092.1,HNA_Bacteria,1658
vi201123.092.1,LNA_Bacteria,2922
vi201123.092.1,Viruses,20142
vi201123.092.1,V1,16583
vi201123.092.1,V2,2614
vi201123.092.1,V3,548
vi201123.093.1,root,21675
vi201123.093.1,Bacteria,4362
vi201123.093.1,HNA_Bacteria,1372
vi201123.093.1,LNA_Bacteria,2967
vi201123.093.1,Viruses,14045
vi201123.093.1,V1,11243
vi201123.093.1,V2,2124
vi201123.093.1,V3,357
vi201123.094.1,root,33990
vi201123.094.1,Bacteria,4716
vi201123.094.1,HNA_Bacteria,1669
vi201123.094.1,LNA_Bacteria,2977
vi201123.094.1,Viruses,25149
vi201123.094.1,V1,20602
vi201123.094.1,V2,3404
vi201123.094.1,V3,677
vi201123.095.1,root,26355
vi201123.095.1,Bacteria,4547
vi201123.095.1,HNA_Bacteria,1577
vi201123.095.1,LNA_Bacteria,2918
vi201123.095.1,Viruses,19199
vi201123.095.1,V1,15452
vi201123.095.1,V2,2821
vi201123.095.1,V3,502
vi201123.096.1,root,25155
vi201123.096.1,Bacteria,4726
vi201123.096.1,HNA_Bacteria,1676
vi201123.096.1,LNA_Bacteria,2992
vi201123.096.1,Viruses,16342
vi201123.096.1,V1,12824
vi201123.096.1,V2,2522
vi201123.096.1,V3,578
vi201123.097.1,root,34785
vi201123.097.1,Bacteria,5094
vi201123.097.1,HNA_Bacteria,1898
vi201123.097.1,LNA_Bacteria,3096
vi201123.097.1,Viruses,25276
vi201123.097.1,V1,20502
vi201123.097.1,V2,3416
vi201123.097.1,V3,655
vi201123.098.1,root,31650
vi201123.098.1,Bacteria,4965
vi201123.098.1,HNA_Bacteria,1778
vi201123.098.1,LNA_Bacteria,3097
vi201123.098.1,Viruses,23022
vi201123.098.1,V1,18797
vi201123.098.1,V2,3178
vi201123.098.1,V3,550
vi201123.099.1,root,34905
vi201123.099.1,Bacteria,5084
vi201123.099.1,HNA_Bacteria,1967
vi201123.099.1,LNA_Bacteria,3023
vi201123.099.1,Viruses,26439
vi201123.099.1,V1,21444
vi201123.099.1,V2,3846
vi201123.099.1,V3,686
ba201123.001.1,root,2115
ba201123.001.1,Bacteria,1168
ba201123.001.1,HNA_Bacteria,530
ba201123.001.1,LNA_Bacteria,614
ba201123.001.1,Viruses,488
ba201123.001.1,V1,0
ba201123.001.1,V2,280
ba201123.001.1,V3,161
ba201123.002.1,root,555
ba201123.002.1,Bacteria,321
ba201123.002.1,HNA_Bacteria,140
ba201123.002.1,LNA_Bacteria,173
ba201123.002.1,Viruses,108
ba201123.002.1,V1,0
ba201123.002.1,V2,68
ba201123.002.1,V3,32
ba201123.003.1,root,105
ba201123.003.1,Bacteria,60
ba201123.003.1,HNA_Bacteria,35
ba201123.003.1,LNA_Bacteria,25
ba201123.003.1,Viruses,10
ba201123.003.1,V1,0
ba201123.003.1,V2,5
ba201123.003.1,V3,2
ba201123.005.1,root,16575
ba201123.005.1,Bacteria,586
ba201123.005.1,HNA_Bacteria,96
ba201123.005.1,LNA_Bacteria,488
ba201123.005.1,Viruses,11184
ba201123.005.1,V1,0
ba201123.005.1,V2,7608
ba201123.005.1,V3,3244
ba201123.006.1,root,37320
ba201123.006.1,Bacteria,1324
ba201123.006.1,HNA_Bacteria,166
ba201123.006.1,LNA_Bacteria,1153
ba201123.006.1,Viruses,24446
ba201123.006.1,V1,0
ba201123.006.1,V2,16664
ba201123.006.1,V3,7001
ba201123.007.1,root,7155
ba201123.007.1,Bacteria,2018
ba201123.007.1,HNA_Bacteria,873
ba201123.007.1,LNA_Bacteria,1132
ba201123.007.1,Viruses,2532
ba201123.007.1,V1,0
ba201123.007.1,V2,1660
ba201123.007.1,V3,767
ba201123.008.1,root,10995
ba201123.008.1,Bacteria,4796
ba201123.008.1,HNA_Bacteria,1792
ba201123.008.1,LNA_Bacteria,2969
ba201123.008.1,Viruses,1105
ba201123.008.1,V1,0
ba201123.008.1,V2,703
ba201123.008.1,V3,297
vi201124.001.1,root,3600
vi201124.001.1,Bacteria,56
vi201124.001.1,HNA_Bacteria,8
vi201124.001.1,LNA_Bacteria,48
vi201124.001.1,Viruses,1187
vi201124.001.1,V1,978
vi201124.001.1,V2,5
vi201124.001.1,V3,3
vi201124.002.1,root,1080
vi201124.002.1,Bacteria,17
vi201124.002.1,HNA_Bacteria,3
vi201124.002.1,LNA_Bacteria,13
vi201124.002.1,Viruses,605
vi201124.002.1,V1,593
vi201124.002.1,V2,1
vi201124.002.1,V3,0
vi201124.003.1,root,1440
vi201124.003.1,Bacteria,58
vi201124.003.1,HNA_Bacteria,22
vi201124.003.1,LNA_Bacteria,34
vi201124.003.1,Viruses,559
vi201124.003.1,V1,551
vi201124.003.1,V2,0
vi201124.003.1,V3,0
vi201124.004.1,root,915
vi201124.004.1,Bacteria,2
vi201124.004.1,HNA_Bacteria,1
vi201124.004.1,LNA_Bacteria,1
vi201124.004.1,Viruses,587
vi201124.004.1,V1,582
vi201124.004.1,V2,4
vi201124.004.1,V3,0
vi201124.005.1,root,2190
vi201124.005.1,Bacteria,4
vi201124.005.1,HNA_Bacteria,1
vi201124.005.1,LNA_Bacteria,3
vi201124.005.1,Viruses,1733
vi201124.005.1,V1,1721
vi201124.005.1,V2,5
vi201124.005.1,V3,0
vi201124.006.1,root,1230
vi201124.006.1,Bacteria,2
vi201124.006.1,HNA_Bacteria,0
vi201124.006.1,LNA_Bacteria,2
vi201124.006.1,Viruses,514
vi201124.006.1,V1,505
vi201124.006.1,V2,2
vi201124.006.1,V3,0
vi201124.010.1,root,24900
vi201124.010.1,Bacteria,6508
vi201124.010.1,HNA_Bacteria,1750
vi201124.010.1,LNA_Bacteria,4710
vi201124.010.1,Viruses,14582
vi201124.010.1,V1,10813
vi201124.010.1,V2,3080
vi201124.010.1,V3,201
vi201124.011.1,root,24825
vi201124.011.1,Bacteria,6396
vi201124.011.1,HNA_Bacteria,1734
vi201124.011.1,LNA_Bacteria,4607
vi201124.011.1,Viruses,13614
vi201124.011.1,V1,9876
vi201124.011.1,V2,3114
vi201124.011.1,V3,224
vi201124.012.1,root,26925
vi201124.012.1,Bacteria,6502
vi201124.012.1,HNA_Bacteria,1802
vi201124.012.1,LNA_Bacteria,4656
vi201124.012.1,Viruses,16274
vi201124.012.1,V1,12412
vi201124.012.1,V2,3175
vi201124.012.1,V3,209
vi201124.013.1,root,24705
vi201124.013.1,Bacteria,6568
vi201124.013.1,HNA_Bacteria,1877
vi201124.013.1,LNA_Bacteria,4647
vi201124.013.1,Viruses,14504
vi201124.013.1,V1,10765
vi201124.013.1,V2,3034
vi201124.013.1,V3,201
vi201124.014.1,root,24405
vi201124.014.1,Bacteria,6331
vi201124.014.1,HNA_Bacteria,1593
vi201124.014.1,LNA_Bacteria,4702
vi201124.014.1,Viruses,14085
vi201124.014.1,V1,10787
vi201124.014.1,V2,2621
vi201124.014.1,V3,143
vi201124.015.1,root,25890
vi201124.015.1,Bacteria,6387
vi201124.015.1,HNA_Bacteria,1750
vi201124.015.1,LNA_Bacteria,4593
vi201124.015.1,Viruses,15765
vi201124.015.1,V1,12066
vi201124.015.1,V2,3034
vi201124.015.1,V3,187
vi201124.016.1,root,4590
vi201124.016.1,Bacteria,978
vi201124.016.1,HNA_Bacteria,301
vi201124.016.1,LNA_Bacteria,670
vi201124.016.1,Viruses,2534
vi201124.016.1,V1,1911
vi201124.016.1,V2,444
vi201124.016.1,V3,82
vi201124.017.1,root,1290
vi201124.017.1,Bacteria,50
vi201124.017.1,HNA_Bacteria,16
vi201124.017.1,LNA_Bacteria,34
vi201124.017.1,Viruses,866
vi201124.017.1,V1,832
vi201124.017.1,V2,21
vi201124.017.1,V3,4
vi201124.018.1,root,10380
vi201124.018.1,Bacteria,2594
vi201124.018.1,HNA_Bacteria,924
vi201124.018.1,LNA_Bacteria,1645
vi201124.018.1,Viruses,5990
vi201124.018.1,V1,4188
vi201124.018.1,V2,1398
vi201124.018.1,V3,209
vi201124.019.1,root,10290
vi201124.019.1,Bacteria,2681
vi201124.019.1,HNA_Bacteria,895
vi201124.019.1,LNA_Bacteria,1768
vi201124.019.1,Viruses,5485
vi201124.019.1,V1,3812
vi201124.019.1,V2,1306
vi201124.019.1,V3,184
vi201124.020.1,root,9750
vi201124.020.1,Bacteria,2730
vi201124.020.1,HNA_Bacteria,940
vi201124.020.1,LNA_Bacteria,1773
vi201124.020.1,Viruses,5160
vi201124.020.1,V1,3442
vi201124.020.1,V2,1280
vi201124.020.1,V3,176
vi201124.021.1,root,9825
vi201124.021.1,Bacteria,2655
vi201124.021.1,HNA_Bacteria,940
vi201124.021.1,LNA_Bacteria,1697
vi201124.021.1,Viruses,5166
vi201124.021.1,V1,3586
vi201124.021.1,V2,1139
vi201124.021.1,V3,187
vi201124.022.1,root,9675
vi201124.022.1,Bacteria,2739
vi201124.022.1,HNA_Bacteria,904
vi201124.022.1,LNA_Bacteria,1810
vi201124.022.1,Viruses,5342
vi201124.022.1,V1,3762
vi201124.022.1,V2,1212
vi201124.022.1,V3,168
vi201124.023.1,root,1005
vi201124.023.1,Bacteria,49
vi201124.023.1,HNA_Bacteria,23
vi201124.023.1,LNA_Bacteria,26
vi201124.023.1,Viruses,717
vi201124.023.1,V1,685
vi201124.023.1,V2,16
vi201124.023.1,V3,5
vi201124.024.1,root,2820
vi201124.024.1,Bacteria,31
vi201124.024.1,HNA_Bacteria,6
vi201124.024.1,LNA_Bacteria,25
vi201124.024.1,Viruses,1324
vi201124.024.1,V1,1201
vi201124.024.1,V2,9
vi201124.024.1,V3,0
vi201124.025.1,root,840
vi201124.025.1,Bacteria,15
vi201124.025.1,HNA_Bacteria,6
vi201124.025.1,LNA_Bacteria,9
vi201124.025.1,Viruses,481
vi201124.025.1,V1,471
vi201124.025.1,V2,3
vi201124.025.1,V3,0
vi201124.026.1,root,1155
vi201124.026.1,Bacteria,8
vi201124.026.1,HNA_Bacteria,4
vi201124.026.1,LNA_Bacteria,4
vi201124.026.1,Viruses,586
vi201124.026.1,V1,579
vi201124.026.1,V2,2
vi201124.026.1,V3,1
vi201124.027.1,root,900
vi201124.027.1,Bacteria,1
vi201124.027.1,HNA_Bacteria,1
vi201124.027.1,LNA_Bacteria,0
vi201124.027.1,Viruses,570
vi201124.027.1,V1,559
vi201124.027.1,V2,0
vi201124.027.1,V3,0
vi201124.028.1,root,915
vi201124.028.1,Bacteria,6
vi201124.028.1,HNA_Bacteria,2
vi201124.028.1,LNA_Bacteria,4
vi201124.028.1,Viruses,504
vi201124.028.1,V1,498
vi201124.028.1,V2,0
vi201124.028.1,V3,0
vi201124.029.1,root,30315
vi201124.029.1,Bacteria,6657
vi201124.029.1,HNA_Bacteria,1719
vi201124.029.1,LNA_Bacteria,4895
vi201124.029.1,Viruses,19517
vi201124.029.1,V1,15659
vi201124.029.1,V2,3255
vi201124.029.1,V3,183
vi201124.030.1,root,29655
vi201124.030.1,Bacteria,6853
vi201124.030.1,HNA_Bacteria,1693
vi201124.030.1,LNA_Bacteria,5115
vi201124.030.1,Viruses,18275
vi201124.030.1,V1,14683
vi201124.030.1,V2,3058
vi201124.030.1,V3,162
vi201124.031.1,root,26640
vi201124.031.1,Bacteria,6518
vi201124.031.1,HNA_Bacteria,1677
vi201124.031.1,LNA_Bacteria,4785
vi201124.031.1,Viruses,15147
vi201124.031.1,V1,11962
vi201124.031.1,V2,2639
vi201124.031.1,V3,160
vi201124.032.1,root,27525
vi201124.032.1,Bacteria,6334
vi201124.032.1,HNA_Bacteria,1713
vi201124.032.1,LNA_Bacteria,4566
vi201124.032.1,Viruses,17132
vi201124.032.1,V1,13867
vi201124.032.1,V2,2710
vi201124.032.1,V3,151
vi201124.033.1,root,28410
vi201124.033.1,Bacteria,6666
vi201124.033.1,HNA_Bacteria,1790
vi201124.033.1,LNA_Bacteria,4828
vi201124.033.1,Viruses,17632
vi201124.033.1,V1,14193
vi201124.033.1,V2,2804
vi201124.033.1,V3,197
vi201124.034.1,root,25695
vi201124.034.1,Bacteria,6211
vi201124.034.1,HNA_Bacteria,1603
vi201124.034.1,LNA_Bacteria,4564
vi201124.034.1,Viruses,15197
vi201124.034.1,V1,12292
vi201124.034.1,V2,2323
vi201124.034.1,V3,130
vi201124.035.1,root,5445
vi201124.035.1,Bacteria,1039
vi201124.035.1,HNA_Bacteria,314
vi201124.035.1,LNA_Bacteria,717
vi201124.035.1,Viruses,3161
vi201124.035.1,V1,2520
vi201124.035.1,V2,478
vi201124.035.1,V3,61
vi201124.036.1,root,1500
vi201124.036.1,Bacteria,182
vi201124.036.1,HNA_Bacteria,69
vi201124.036.1,LNA_Bacteria,111
vi201124.036.1,Viruses,869
vi201124.036.1,V1,765
vi201124.036.1,V2,80
vi201124.036.1,V3,7
vi201124.037.1,root,11400
vi201124.037.1,Bacteria,2699
vi201124.037.1,HNA_Bacteria,889
vi201124.037.1,LNA_Bacteria,1790
vi201124.037.1,Viruses,6971
vi201124.037.1,V1,5262
vi201124.037.1,V2,1389
vi201124.037.1,V3,164
vi201124.038.1,root,10845
vi201124.038.1,Bacteria,2699
vi201124.038.1,HNA_Bacteria,848
vi201124.038.1,LNA_Bacteria,1833
vi201124.038.1,Viruses,6118
vi201124.038.1,V1,4568
vi201124.038.1,V2,1213
vi201124.038.1,V3,148
vi201124.039.1,root,11400
vi201124.039.1,Bacteria,3003
vi201124.039.1,HNA_Bacteria,859
vi201124.039.1,LNA_Bacteria,2113
vi201124.039.1,Viruses,5601
vi201124.039.1,V1,4097
vi201124.039.1,V2,1205
vi201124.039.1,V3,99
vi201124.040.1,root,9450
vi201124.040.1,Bacteria,2522
vi201124.040.1,HNA_Bacteria,749
vi201124.040.1,LNA_Bacteria,1753
vi201124.040.1,Viruses,4859
vi201124.040.1,V1,3649
vi201124.040.1,V2,896
vi201124.040.1,V3,76
vi201124.041.1,root,9225
vi201124.041.1,Bacteria,2553
vi201124.041.1,HNA_Bacteria,682
vi201124.041.1,LNA_Bacteria,1853
vi201124.041.1,Viruses,4873
vi201124.041.1,V1,3649
vi201124.041.1,V2,973
vi201124.041.1,V3,66
vi201124.042.1,root,9825
vi201124.042.1,Bacteria,2638
vi201124.042.1,HNA_Bacteria,790
vi201124.042.1,LNA_Bacteria,1827
vi201124.042.1,Viruses,5272
vi201124.042.1,V1,4072
vi201124.042.1,V2,916
vi201124.042.1,V3,72
vi201124.043.1,root,825
vi201124.043.1,Bacteria,36
vi201124.043.1,HNA_Bacteria,5
vi201124.043.1,LNA_Bacteria,31
vi201124.043.1,Viruses,530
vi201124.043.1,V1,515
vi201124.043.1,V2,11
vi201124.043.1,V3,1
vi201124.044.1,root,1020
vi201124.044.1,Bacteria,31
vi201124.044.1,HNA_Bacteria,13
vi201124.044.1,LNA_Bacteria,18
vi201124.044.1,Viruses,727
vi201124.044.1,V1,706
vi201124.044.1,V2,8
vi201124.044.1,V3,3
vi201124.045.1,root,960
vi201124.045.1,Bacteria,7
vi201124.045.1,HNA_Bacteria,1
vi201124.045.1,LNA_Bacteria,6
vi201124.045.1,Viruses,676
vi201124.045.1,V1,666
vi201124.045.1,V2,0
vi201124.045.1,V3,0
vi201124.046.1,root,960
vi201124.046.1,Bacteria,7
vi201124.046.1,HNA_Bacteria,3
vi201124.046.1,LNA_Bacteria,4
vi201124.046.1,Viruses,609
vi201124.046.1,V1,600
vi201124.046.1,V2,4
vi201124.046.1,V3,1
vi201124.047.1,root,14010
vi201124.047.1,Bacteria,2473
vi201124.047.1,HNA_Bacteria,841
vi201124.047.1,LNA_Bacteria,1620
vi201124.047.1,Viruses,9789
vi201124.047.1,V1,7627
vi201124.047.1,V2,1782
vi201124.047.1,V3,207
vi201124.048.1,root,12720
vi201124.048.1,Bacteria,2556
vi201124.048.1,HNA_Bacteria,783
vi201124.048.1,LNA_Bacteria,1760
vi201124.048.1,Viruses,7911
vi201124.048.1,V1,6041
vi201124.048.1,V2,1499
vi201124.048.1,V3,128
vi201124.049.1,root,11265
vi201124.049.1,Bacteria,2517
vi201124.049.1,HNA_Bacteria,749
vi201124.049.1,LNA_Bacteria,1750
vi201124.049.1,Viruses,7033
vi201124.049.1,V1,5406
vi201124.049.1,V2,1319
vi201124.049.1,V3,130
vi201124.050.1,root,16740
vi201124.050.1,Bacteria,2296
vi201124.050.1,HNA_Bacteria,610
vi201124.050.1,LNA_Bacteria,1669
vi201124.050.1,Viruses,12838
vi201124.050.1,V1,10336
vi201124.050.1,V2,2050
vi201124.050.1,V3,166
vi201124.051.1,root,14280
vi201124.051.1,Bacteria,2624
vi201124.051.1,HNA_Bacteria,745
vi201124.051.1,LNA_Bacteria,1853
vi201124.051.1,Viruses,9954
vi201124.051.1,V1,8030
vi201124.051.1,V2,1570
vi201124.051.1,V3,150
vi201124.052.1,root,15675
vi201124.052.1,Bacteria,2674
vi201124.052.1,HNA_Bacteria,797
vi201124.052.1,LNA_Bacteria,1845
vi201124.052.1,Viruses,11156
vi201124.052.1,V1,9077
vi201124.052.1,V2,1669
vi201124.052.1,V3,186
vi201124.053.1,root,1140
vi201124.053.1,Bacteria,48
vi201124.053.1,HNA_Bacteria,10
vi201124.053.1,LNA_Bacteria,38
vi201124.053.1,Viruses,748
vi201124.053.1,V1,688
vi201124.053.1,V2,36
vi201124.053.1,V3,6
vi201124.054.1,root,930
vi201124.054.1,Bacteria,11
vi201124.054.1,HNA_Bacteria,2
vi201124.054.1,LNA_Bacteria,9
vi201124.054.1,Viruses,523
vi201124.054.1,V1,511
vi201124.054.1,V2,4
vi201124.054.1,V3,0
vi201124.055.1,root,33990
vi201124.055.1,Bacteria,6475
vi201124.055.1,HNA_Bacteria,1896
vi201124.055.1,LNA_Bacteria,4528
vi201124.055.1,Viruses,23056
vi201124.055.1,V1,18437
vi201124.055.1,V2,3922
vi201124.055.1,V3,231
vi201124.056.1,root,29475
vi201124.056.1,Bacteria,6185
vi201124.056.1,HNA_Bacteria,1739
vi201124.056.1,LNA_Bacteria,4402
vi201124.056.1,Viruses,18447
vi201124.056.1,V1,14567
vi201124.056.1,V2,3191
vi201124.056.1,V3,200
vi201124.057.1,root,30990
vi201124.057.1,Bacteria,6403
vi201124.057.1,HNA_Bacteria,1836
vi201124.057.1,LNA_Bacteria,4525
vi201124.057.1,Viruses,21044
vi201124.057.1,V1,16798
vi201124.057.1,V2,3578
vi201124.057.1,V3,222
vi201124.058.1,root,36105
vi201124.058.1,Bacteria,6287
vi201124.058.1,HNA_Bacteria,1605
vi201124.058.1,LNA_Bacteria,4642
vi201124.058.1,Viruses,25873
vi201124.058.1,V1,21603
vi201124.058.1,V2,3556
vi201124.058.1,V3,218
vi201124.059.1,root,33150
vi201124.059.1,Bacteria,6213
vi201124.059.1,HNA_Bacteria,1667
vi201124.059.1,LNA_Bacteria,4510
vi201124.059.1,Viruses,23361
vi201124.059.1,V1,19308
vi201124.059.1,V2,3421
vi201124.059.1,V3,193
vi201124.060.1,root,39075
vi201124.060.1,Bacteria,6251
vi201124.060.1,HNA_Bacteria,1642
vi201124.060.1,LNA_Bacteria,4577
vi201124.060.1,Viruses,28889
vi201124.060.1,V1,24560
vi201124.060.1,V2,3582
vi201124.060.1,V3,239
vi201130.001.1,root,11910
vi201130.001.1,Bacteria,41
vi201130.001.1,HNA_Bacteria,3
vi201130.001.1,LNA_Bacteria,38
vi201130.001.1,Viruses,757
vi201130.001.1,V1,691
vi201130.001.1,V2,3
vi201130.001.1,V3,0
vi201130.002.1,root,1410
vi201130.002.1,Bacteria,12
vi201130.002.1,HNA_Bacteria,2
vi201130.002.1,LNA_Bacteria,10
vi201130.002.1,Viruses,572
vi201130.002.1,V1,553
vi201130.002.1,V2,1
vi201130.002.1,V3,0
vi201130.003.1,root,3150
vi201130.003.1,Bacteria,17
vi201130.003.1,HNA_Bacteria,3
vi201130.003.1,LNA_Bacteria,14
vi201130.003.1,Viruses,679
vi201130.003.1,V1,639
vi201130.003.1,V2,1
vi201130.003.1,V3,0
vi201130.004.1,root,1095
vi201130.004.1,Bacteria,3
vi201130.004.1,HNA_Bacteria,0
vi201130.004.1,LNA_Bacteria,3
vi201130.004.1,Viruses,569
vi201130.004.1,V1,554
vi201130.004.1,V2,0
vi201130.004.1,V3,0
vi201130.005.1,root,1035
vi201130.005.1,Bacteria,2
vi201130.005.1,HNA_Bacteria,0
vi201130.005.1,LNA_Bacteria,1
vi201130.005.1,Viruses,538
vi201130.005.1,V1,533
vi201130.005.1,V2,1
vi201130.005.1,V3,1
vi201130.006.1,root,1005
vi201130.006.1,Bacteria,3
vi201130.006.1,HNA_Bacteria,0
vi201130.006.1,LNA_Bacteria,3
vi201130.006.1,Viruses,563
vi201130.006.1,V1,556
vi201130.006.1,V2,1
vi201130.006.1,V3,0
vi201130.007.1,root,1260
vi201130.007.1,Bacteria,10
vi201130.007.1,HNA_Bacteria,2
vi201130.007.1,LNA_Bacteria,8
vi201130.007.1,Viruses,611
vi201130.007.1,V1,600
vi201130.007.1,V2,0
vi201130.007.1,V3,0
vi201130.020.1,root,19320
vi201130.020.1,Bacteria,21
vi201130.020.1,HNA_Bacteria,2
vi201130.020.1,LNA_Bacteria,18
vi201130.020.1,Viruses,18089
vi201130.020.1,V1,11852
vi201130.020.1,V2,5887
vi201130.020.1,V3,251
vi201130.021.1,root,19785
vi201130.021.1,Bacteria,21
vi201130.021.1,HNA_Bacteria,1
vi201130.021.1,LNA_Bacteria,18
vi201130.021.1,Viruses,18543
vi201130.021.1,V1,11567
vi201130.021.1,V2,6522
vi201130.021.1,V3,311
vi201130.022.1,root,19350
vi201130.022.1,Bacteria,15
vi201130.022.1,HNA_Bacteria,1
vi201130.022.1,LNA_Bacteria,13
vi201130.022.1,Viruses,18012
vi201130.022.1,V1,11370
vi201130.022.1,V2,6209
vi201130.022.1,V3,309
vi201130.023.1,root,15945
vi201130.023.1,Bacteria,21
vi201130.023.1,HNA_Bacteria,7
vi201130.023.1,LNA_Bacteria,12
vi201130.023.1,Viruses,14700
vi201130.023.1,V1,9141
vi201130.023.1,V2,5174
vi201130.023.1,V3,281
vi201130.024.1,root,15795
vi201130.024.1,Bacteria,20
vi201130.024.1,HNA_Bacteria,4
vi201130.024.1,LNA_Bacteria,16
vi201130.024.1,Viruses,14601
vi201130.024.1,V1,9014
vi201130.024.1,V2,5136
vi201130.024.1,V3,331
vi201130.025.1,root,19530
vi201130.025.1,Bacteria,66
vi201130.025.1,HNA_Bacteria,31
vi201130.025.1,LNA_Bacteria,31
vi201130.025.1,Viruses,17827
vi201130.025.1,V1,10724
vi201130.025.1,V2,6497
vi201130.025.1,V3,428
vi201130.026.1,root,18990
vi201130.026.1,Bacteria,65
vi201130.026.1,HNA_Bacteria,33
vi201130.026.1,LNA_Bacteria,29
vi201130.026.1,Viruses,17401
vi201130.026.1,V1,10434
vi201130.026.1,V2,6374
vi201130.026.1,V3,437
vi201130.027.1,root,2070
vi201130.027.1,Bacteria,43
vi201130.027.1,HNA_Bacteria,9
vi201130.027.1,LNA_Bacteria,34
vi201130.027.1,Viruses,653
vi201130.027.1,V1,608
vi201130.027.1,V2,18
vi201130.027.1,V3,0
vi201130.028.1,root,1080
vi201130.028.1,Bacteria,7
vi201130.028.1,HNA_Bacteria,1
vi201130.028.1,LNA_Bacteria,6
vi201130.028.1,Viruses,592
vi201130.028.1,V1,569
vi201130.028.1,V2,17
vi201130.028.1,V3,0
vi201130.029.1,root,1095
vi201130.029.1,Bacteria,10
vi201130.029.1,HNA_Bacteria,1
vi201130.029.1,LNA_Bacteria,8
vi201130.029.1,Viruses,670
vi201130.029.1,V1,645
vi201130.029.1,V2,21
vi201130.029.1,V3,0
vi201130.030.1,root,1095
vi201130.030.1,Bacteria,12
vi201130.030.1,HNA_Bacteria,5
vi201130.030.1,LNA_Bacteria,6
vi201130.030.1,Viruses,655
vi201130.030.1,V1,626
vi201130.030.1,V2,17
vi201130.030.1,V3,0
vi201130.031.1,root,1260
vi201130.031.1,Bacteria,6
vi201130.031.1,HNA_Bacteria,1
vi201130.031.1,LNA_Bacteria,5
vi201130.031.1,Viruses,730
vi201130.031.1,V1,686
vi201130.031.1,V2,21
vi201130.031.1,V3,1
vi201130.038.1,root,33480
vi201130.038.1,Bacteria,5064
vi201130.038.1,HNA_Bacteria,2633
vi201130.038.1,LNA_Bacteria,2409
vi201130.038.1,Viruses,21855
vi201130.038.1,V1,18086
vi201130.038.1,V2,3025
vi201130.038.1,V3,245
vi201130.039.1,root,33345
vi201130.039.1,Bacteria,5124
vi201130.039.1,HNA_Bacteria,2642
vi201130.039.1,LNA_Bacteria,2461
vi201130.039.1,Viruses,22047
vi201130.039.1,V1,18585
vi201130.039.1,V2,2774
vi201130.039.1,V3,212
vi201130.040.1,root,27675
vi201130.040.1,Bacteria,5123
vi201130.040.1,HNA_Bacteria,2516
vi201130.040.1,LNA_Bacteria,2587
vi201130.040.1,Viruses,15764
vi201130.040.1,V1,13023
vi201130.040.1,V2,2174
vi201130.040.1,V3,136
vi201130.041.1,root,34305
vi201130.041.1,Bacteria,5065
vi201130.041.1,HNA_Bacteria,2654
vi201130.041.1,LNA_Bacteria,2394
vi201130.041.1,Viruses,23852
vi201130.041.1,V1,19598
vi201130.041.1,V2,3605
vi201130.041.1,V3,208
vi201130.042.1,root,32940
vi201130.042.1,Bacteria,4930
vi201130.042.1,HNA_Bacteria,2577
vi201130.042.1,LNA_Bacteria,2327
vi201130.042.1,Viruses,22348
vi201130.042.1,V1,19057
vi201130.042.1,V2,2741
vi201130.042.1,V3,160
vi201130.043.1,root,34410
vi201130.043.1,Bacteria,5151
vi201130.043.1,HNA_Bacteria,2674
vi201130.043.1,LNA_Bacteria,2457
vi201130.043.1,Viruses,21111
vi201130.043.1,V1,17360
vi201130.043.1,V2,3161
vi201130.043.1,V3,186
vi201130.044.1,root,13050
vi201130.044.1,Bacteria,1502
vi201130.044.1,HNA_Bacteria,862
vi201130.044.1,LNA_Bacteria,633
vi201130.044.1,Viruses,7326
vi201130.044.1,V1,5941
vi201130.044.1,V2,1127
vi201130.044.1,V3,89
vi201130.045.1,root,2295
vi201130.045.1,Bacteria,144
vi201130.045.1,HNA_Bacteria,85
vi201130.045.1,LNA_Bacteria,59
vi201130.045.1,Viruses,1217
vi201130.045.1,V1,1081
vi201130.045.1,V2,97
vi201130.045.1,V3,6
vi201130.046.1,root,3060
vi201130.046.1,Bacteria,113
vi201130.046.1,HNA_Bacteria,34
vi201130.046.1,LNA_Bacteria,77
vi201130.046.1,Viruses,1223
vi201130.046.1,V1,1108
vi201130.046.1,V2,43
vi201130.046.1,V3,2
vi201130.047.1,root,1725
vi201130.047.1,Bacteria,46
vi201130.047.1,HNA_Bacteria,24
vi201130.047.1,LNA_Bacteria,22
vi201130.047.1,Viruses,789
vi201130.047.1,V1,737
vi201130.047.1,V2,20
vi201130.047.1,V3,1
vi201130.048.1,root,9315
vi201130.048.1,Bacteria,419
vi201130.048.1,HNA_Bacteria,178
vi201130.048.1,LNA_Bacteria,241
vi201130.048.1,Viruses,5212
vi201130.048.1,V1,4869
vi201130.048.1,V2,129
vi201130.048.1,V3,7
vi201130.049.1,root,7950
vi201130.049.1,Bacteria,79
vi201130.049.1,HNA_Bacteria,7
vi201130.049.1,LNA_Bacteria,69
vi201130.049.1,Viruses,4532
vi201130.049.1,V1,4362
vi201130.049.1,V2,18
vi201130.049.1,V3,0
vi201130.050.1,root,1635
vi201130.050.1,Bacteria,7
vi201130.050.1,HNA_Bacteria,3
vi201130.050.1,LNA_Bacteria,4
vi201130.050.1,Viruses,731
vi201130.050.1,V1,708
vi201130.050.1,V2,3
vi201130.050.1,V3,0
vi201130.051.1,root,2115
vi201130.051.1,Bacteria,26
vi201130.051.1,HNA_Bacteria,1
vi201130.051.1,LNA_Bacteria,24
vi201130.051.1,Viruses,884
vi201130.051.1,V1,839
vi201130.051.1,V2,4
vi201130.051.1,V3,0
vi201130.052.1,root,1530
vi201130.052.1,Bacteria,12
vi201130.052.1,HNA_Bacteria,4
vi201130.052.1,LNA_Bacteria,8
vi201130.052.1,Viruses,755
vi201130.052.1,V1,737
vi201130.052.1,V2,4
vi201130.052.1,V3,0
vi201130.053.1,root,2655
vi201130.053.1,Bacteria,22
vi201130.053.1,HNA_Bacteria,3
vi201130.053.1,LNA_Bacteria,19
vi201130.053.1,Viruses,931
vi201130.053.1,V1,902
vi201130.053.1,V2,6
vi201130.053.1,V3,0
vi201130.061.1,root,40005
vi201130.061.1,Bacteria,4918
vi201130.061.1,HNA_Bacteria,2732
vi201130.061.1,LNA_Bacteria,2160
vi201130.061.1,Viruses,28781
vi201130.061.1,V1,24807
vi201130.061.1,V2,3283
vi201130.061.1,V3,242
vi201130.062.1,root,39585
vi201130.062.1,Bacteria,4832
vi201130.062.1,HNA_Bacteria,2627
vi201130.062.1,LNA_Bacteria,2180
vi201130.062.1,Viruses,28941
vi201130.062.1,V1,24494
vi201130.062.1,V2,3654
vi201130.062.1,V3,225
vi201130.063.1,root,35475
vi201130.063.1,Bacteria,4868
vi201130.063.1,HNA_Bacteria,2690
vi201130.063.1,LNA_Bacteria,2159
vi201130.063.1,Viruses,25528
vi201130.063.1,V1,21865
vi201130.063.1,V2,2939
vi201130.063.1,V3,193
vi201130.064.1,root,21930
vi201130.064.1,Bacteria,4884
vi201130.064.1,HNA_Bacteria,2646
vi201130.064.1,LNA_Bacteria,2206
vi201130.064.1,Viruses,11593
vi201130.064.1,V1,9660
vi201130.064.1,V2,886
vi201130.064.1,V3,58
vi201130.065.1,root,42225
vi201130.065.1,Bacteria,4769
vi201130.065.1,HNA_Bacteria,2841
vi201130.065.1,LNA_Bacteria,1890
vi201130.065.1,Viruses,28085
vi201130.065.1,V1,23273
vi201130.065.1,V2,3759
vi201130.065.1,V3,255
vi201130.066.1,root,30135
vi201130.066.1,Bacteria,4783
vi201130.066.1,HNA_Bacteria,2683
vi201130.066.1,LNA_Bacteria,2077
vi201130.066.1,Viruses,19034
vi201130.066.1,V1,16311
vi201130.066.1,V2,2056
vi201130.066.1,V3,94
vi201130.067.1,root,38895
vi201130.067.1,Bacteria,1998
vi201130.067.1,HNA_Bacteria,1115
vi201130.067.1,LNA_Bacteria,865
vi201130.067.1,Viruses,11229
vi201130.067.1,V1,9287
vi201130.067.1,V2,1159
vi201130.067.1,V3,80
vi201130.068.1,root,3060
vi201130.068.1,Bacteria,56
vi201130.068.1,HNA_Bacteria,38
vi201130.068.1,LNA_Bacteria,17
vi201130.068.1,Viruses,1045
vi201130.068.1,V1,932
vi201130.068.1,V2,47
vi201130.068.1,V3,2
vi201130.069.1,root,1230
vi201130.069.1,Bacteria,26
vi201130.069.1,HNA_Bacteria,9
vi201130.069.1,LNA_Bacteria,17
vi201130.069.1,Viruses,635
vi201130.069.1,V1,610
vi201130.069.1,V2,1
vi201130.069.1,V3,0
vi201130.070.1,root,1080
vi201130.070.1,Bacteria,24
vi201130.070.1,HNA_Bacteria,11
vi201130.070.1,LNA_Bacteria,13
vi201130.070.1,Viruses,570
vi201130.070.1,V1,553
vi201130.070.1,V2,1
vi201130.070.1,V3,0
vi201130.071.1,root,975
vi201130.071.1,Bacteria,21
vi201130.071.1,HNA_Bacteria,8
vi201130.071.1,LNA_Bacteria,13
vi201130.071.1,Viruses,589
vi201130.071.1,V1,569
vi201130.071.1,V2,3
vi201130.071.1,V3,0
vi201130.072.1,root,1065
vi201130.072.1,Bacteria,10
vi201130.072.1,HNA_Bacteria,2
vi201130.072.1,LNA_Bacteria,8
vi201130.072.1,Viruses,591
vi201130.072.1,V1,568
vi201130.072.1,V2,5
vi201130.072.1,V3,0
vi201130.079.1,root,40995
vi201130.079.1,Bacteria,5007
vi201130.079.1,HNA_Bacteria,2889
vi201130.079.1,LNA_Bacteria,2096
vi201130.079.1,Viruses,29690
vi201130.079.1,V1,25876
vi201130.079.1,V2,3108
vi201130.079.1,V3,183
vi201130.080.1,root,40770
vi201130.080.1,Bacteria,4877
vi201130.080.1,HNA_Bacteria,2828
vi201130.080.1,LNA_Bacteria,2023
vi201130.080.1,Viruses,31218
vi201130.080.1,V1,27037
vi201130.080.1,V2,3273
vi201130.080.1,V3,220
vi201130.081.1,root,33600
vi201130.081.1,Bacteria,4591
vi201130.081.1,HNA_Bacteria,2644
vi201130.081.1,LNA_Bacteria,1926
vi201130.081.1,Viruses,23437
vi201130.081.1,V1,20289
vi201130.081.1,V2,2378
vi201130.081.1,V3,139
vi201130.082.1,root,43260
vi201130.082.1,Bacteria,5621
vi201130.082.1,HNA_Bacteria,3477
vi201130.082.1,LNA_Bacteria,2111
vi201130.082.1,Viruses,29072
vi201130.082.1,V1,25269
vi201130.082.1,V2,2885
vi201130.082.1,V3,165
vi201130.083.1,root,44475
vi201130.083.1,Bacteria,5689
vi201130.083.1,HNA_Bacteria,3571
vi201130.083.1,LNA_Bacteria,2082
vi201130.083.1,Viruses,31592
vi201130.083.1,V1,27462
vi201130.083.1,V2,3097
vi201130.083.1,V3,217
vi201130.084.1,root,42405
vi201130.084.1,Bacteria,5453
vi201130.084.1,HNA_Bacteria,3269
vi201130.084.1,LNA_Bacteria,2138
vi201130.084.1,Viruses,29659
vi201130.084.1,V1,25988
vi201130.084.1,V2,2884
vi201130.084.1,V3,163
ba201130.001.1,root,2775
ba201130.001.1,Bacteria,1788
ba201130.001.1,HNA_Bacteria,1173
ba201130.001.1,LNA_Bacteria,602
ba201130.001.1,Viruses,419
ba201130.001.1,V1,0
ba201130.001.1,V2,279
ba201130.001.1,V3,112
ba201130.002.1,root,840
ba201130.002.1,Bacteria,538
ba201130.002.1,HNA_Bacteria,351
ba201130.002.1,LNA_Bacteria,182
ba201130.002.1,Viruses,100
ba201130.002.1,V1,0
ba201130.002.1,V2,63
ba201130.002.1,V3,33
ba201130.003.1,root,150
ba201130.003.1,Bacteria,28
ba201130.003.1,HNA_Bacteria,6
ba201130.003.1,LNA_Bacteria,22
ba201130.003.1,Viruses,0
ba201130.003.1,V1,0
ba201130.003.1,V2,0
ba201130.003.1,V3,0
ba201130.004.1,root,75
ba201130.004.1,Bacteria,21
ba201130.004.1,HNA_Bacteria,8
ba201130.004.1,LNA_Bacteria,13
ba201130.004.1,Viruses,1
ba201130.004.1,V1,0
ba201130.004.1,V2,1
ba201130.004.1,V3,0
ba201130.005.1,root,90
ba201130.005.1,Bacteria,36
ba201130.005.1,HNA_Bacteria,6
ba201130.005.1,LNA_Bacteria,30
ba201130.005.1,Viruses,0
ba201130.005.1,V1,0
ba201130.005.1,V2,0
ba201130.005.1,V3,0
ba201130.007.1,root,4110
ba201130.007.1,Bacteria,117
ba201130.007.1,HNA_Bacteria,19
ba201130.007.1,LNA_Bacteria,98
ba201130.007.1,Viruses,2741
ba201130.007.1,V1,0
ba201130.007.1,V2,1740
ba201130.007.1,V3,858
ba201130.008.1,root,9210
ba201130.008.1,Bacteria,282
ba201130.008.1,HNA_Bacteria,41
ba201130.008.1,LNA_Bacteria,240
ba201130.008.1,Viruses,5999
ba201130.008.1,V1,0
ba201130.008.1,V2,3995
ba201130.008.1,V3,1755
ba201130.009.1,root,5295
ba201130.009.1,Bacteria,1961
ba201130.009.1,HNA_Bacteria,1166
ba201130.009.1,LNA_Bacteria,792
ba201130.009.1,Viruses,1083
ba201130.009.1,V1,0
ba201130.009.1,V2,683
ba201130.009.1,V3,334
ba201130.010.1,root,11070
ba201130.010.1,Bacteria,5304
ba201130.010.1,HNA_Bacteria,2627
ba201130.010.1,LNA_Bacteria,2675
ba201130.010.1,Viruses,647
ba201130.010.1,V1,0
ba201130.010.1,V2,440
ba201130.010.1,V3,166
vi201201.001.1,root,5100
vi201201.001.1,Bacteria,62
vi201201.001.1,HNA_Bacteria,28
vi201201.001.1,LNA_Bacteria,33
vi201201.001.1,Viruses,2917
vi201201.001.1,V1,2833
vi201201.001.1,V2,25
vi201201.001.1,V3,0
vi201201.002.1,root,1425
vi201201.002.1,Bacteria,12
vi201201.002.1,HNA_Bacteria,0
vi201201.002.1,LNA_Bacteria,12
vi201201.002.1,Viruses,708
vi201201.002.1,V1,688
vi201201.002.1,V2,0
vi201201.002.1,V3,0
vi201201.003.1,root,2895
vi201201.003.1,Bacteria,31
vi201201.003.1,HNA_Bacteria,9
vi201201.003.1,LNA_Bacteria,22
vi201201.003.1,Viruses,1086
vi201201.003.1,V1,1048
vi201201.003.1,V2,6
vi201201.003.1,V3,0
vi201201.004.1,root,2100
vi201201.004.1,Bacteria,9
vi201201.004.1,HNA_Bacteria,0
vi201201.004.1,LNA_Bacteria,9
vi201201.004.1,Viruses,1156
vi201201.004.1,V1,1112
vi201201.004.1,V2,5
vi201201.004.1,V3,0
vi201201.005.1,root,2265
vi201201.005.1,Bacteria,16
vi201201.005.1,HNA_Bacteria,1
vi201201.005.1,LNA_Bacteria,14
vi201201.005.1,Viruses,942
vi201201.005.1,V1,886
vi201201.005.1,V2,8
vi201201.005.1,V3,0
vi201201.006.1,root,1230
vi201201.006.1,Bacteria,3
vi201201.006.1,HNA_Bacteria,1
vi201201.006.1,LNA_Bacteria,2
vi201201.006.1,Viruses,666
vi201201.006.1,V1,651
vi201201.006.1,V2,1
vi201201.006.1,V3,0
vi201201.007.1,root,1695
vi201201.007.1,Bacteria,11
vi201201.007.1,HNA_Bacteria,2
vi201201.007.1,LNA_Bacteria,8
vi201201.007.1,Viruses,829
vi201201.007.1,V1,802
vi201201.007.1,V2,1
vi201201.007.1,V3,0
vi201201.008.1,root,1200
vi201201.008.1,Bacteria,8
vi201201.008.1,HNA_Bacteria,5
vi201201.008.1,LNA_Bacteria,3
vi201201.008.1,Viruses,573
vi201201.008.1,V1,549
vi201201.008.1,V2,1
vi201201.008.1,V3,0
vi201201.015.1,root,10470
vi201201.015.1,Bacteria,5744
vi201201.015.1,HNA_Bacteria,1926
vi201201.015.1,LNA_Bacteria,3798
vi201201.015.1,Viruses,228
vi201201.015.1,V1,125
vi201201.015.1,V2,1
vi201201.015.1,V3,0
vi201201.016.1,root,24690
vi201201.016.1,Bacteria,5599
vi201201.016.1,HNA_Bacteria,2166
vi201201.016.1,LNA_Bacteria,3416
vi201201.016.1,Viruses,15898
vi201201.016.1,V1,13923
vi201201.016.1,V2,1542
vi201201.016.1,V3,53
vi201201.017.1,root,24675
vi201201.017.1,Bacteria,5716
vi201201.017.1,HNA_Bacteria,2183
vi201201.017.1,LNA_Bacteria,3508
vi201201.017.1,Viruses,13644
vi201201.017.1,V1,11693
vi201201.017.1,V2,1441
vi201201.017.1,V3,42
vi201201.018.1,root,25740
vi201201.018.1,Bacteria,5234
vi201201.018.1,HNA_Bacteria,2083
vi201201.018.1,LNA_Bacteria,3131
vi201201.018.1,Viruses,17433
vi201201.018.1,V1,15552
vi201201.018.1,V2,1466
vi201201.018.1,V3,45
vi201201.019.1,root,29610
vi201201.019.1,Bacteria,5762
vi201201.019.1,HNA_Bacteria,2335
vi201201.019.1,LNA_Bacteria,3398
vi201201.019.1,Viruses,18700
vi201201.019.1,V1,16418
vi201201.019.1,V2,1831
vi201201.019.1,V3,47
vi201201.020.1,root,28590
vi201201.020.1,Bacteria,5608
vi201201.020.1,HNA_Bacteria,2125
vi201201.020.1,LNA_Bacteria,3467
vi201201.020.1,Viruses,19359
vi201201.020.1,V1,17275
vi201201.020.1,V2,1648
vi201201.020.1,V3,58
vi201201.021.1,root,1485
vi201201.021.1,Bacteria,17
vi201201.021.1,HNA_Bacteria,8
vi201201.021.1,LNA_Bacteria,9
vi201201.021.1,Viruses,661
vi201201.021.1,V1,637
vi201201.021.1,V2,2
vi201201.021.1,V3,0
vi201201.022.1,root,840
vi201201.022.1,Bacteria,15
vi201201.022.1,HNA_Bacteria,5
vi201201.022.1,LNA_Bacteria,9
vi201201.022.1,Viruses,489
vi201201.022.1,V1,480
vi201201.022.1,V2,2
vi201201.022.1,V3,0
vi201201.023.1,root,1335
vi201201.023.1,Bacteria,25
vi201201.023.1,HNA_Bacteria,8
vi201201.023.1,LNA_Bacteria,16
vi201201.023.1,Viruses,680
vi201201.023.1,V1,657
vi201201.023.1,V2,1
vi201201.023.1,V3,0
vi201201.024.1,root,1125
vi201201.024.1,Bacteria,12
vi201201.024.1,HNA_Bacteria,4
vi201201.024.1,LNA_Bacteria,8
vi201201.024.1,Viruses,634
vi201201.024.1,V1,618
vi201201.024.1,V2,2
vi201201.024.1,V3,0
vi201201.025.1,root,1215
vi201201.025.1,Bacteria,10
vi201201.025.1,HNA_Bacteria,3
vi201201.025.1,LNA_Bacteria,7
vi201201.025.1,Viruses,617
vi201201.025.1,V1,595
vi201201.025.1,V2,4
vi201201.025.1,V3,1
vi201201.026.1,root,1200
vi201201.026.1,Bacteria,7
vi201201.026.1,HNA_Bacteria,1
vi201201.026.1,LNA_Bacteria,5
vi201201.026.1,Viruses,613
vi201201.026.1,V1,600
vi201201.026.1,V2,4
vi201201.026.1,V3,0
vi201201.027.1,root,1800
vi201201.027.1,Bacteria,18
vi201201.027.1,HNA_Bacteria,6
vi201201.027.1,LNA_Bacteria,12
vi201201.027.1,Viruses,750
vi201201.027.1,V1,670
vi201201.027.1,V2,5
vi201201.027.1,V3,0
vi201201.034.1,root,36765
vi201201.034.1,Bacteria,5501
vi201201.034.1,HNA_Bacteria,2486
vi201201.034.1,LNA_Bacteria,3005
vi201201.034.1,Viruses,26261
vi201201.034.1,V1,23034
vi201201.034.1,V2,2547
vi201201.034.1,V3,114
vi201201.035.1,root,31455
vi201201.035.1,Bacteria,5596
vi201201.035.1,HNA_Bacteria,2484
vi201201.035.1,LNA_Bacteria,3090
vi201201.035.1,Viruses,21851
vi201201.035.1,V1,19461
vi201201.035.1,V2,1965
vi201201.035.1,V3,65
vi201201.036.1,root,45690
vi201201.036.1,Bacteria,6229
vi201201.036.1,HNA_Bacteria,2678
vi201201.036.1,LNA_Bacteria,3531
vi201201.036.1,Viruses,32778
vi201201.036.1,V1,29454
vi201201.036.1,V2,2741
vi201201.036.1,V3,107
vi201201.037.1,root,36735
vi201201.037.1,Bacteria,5390
vi201201.037.1,HNA_Bacteria,2479
vi201201.037.1,LNA_Bacteria,2899
vi201201.037.1,Viruses,25734
vi201201.037.1,V1,22337
vi201201.037.1,V2,2481
vi201201.037.1,V3,113
vi201201.038.1,root,31065
vi201201.038.1,Bacteria,5523
vi201201.038.1,HNA_Bacteria,2399
vi201201.038.1,LNA_Bacteria,3108
vi201201.038.1,Viruses,20182
vi201201.038.1,V1,18057
vi201201.038.1,V2,1521
vi201201.038.1,V3,62
vi201201.039.1,root,33855
vi201201.039.1,Bacteria,5403
vi201201.039.1,HNA_Bacteria,2299
vi201201.039.1,LNA_Bacteria,3094
vi201201.039.1,Viruses,23870
vi201201.039.1,V1,21138
vi201201.039.1,V2,2158
vi201201.039.1,V3,82
vi201201.040.1,root,40650
vi201201.040.1,Bacteria,5779
vi201201.040.1,HNA_Bacteria,2512
vi201201.040.1,LNA_Bacteria,3255
vi201201.040.1,Viruses,28854
vi201201.040.1,V1,26088
vi201201.040.1,V2,2313
vi201201.040.1,V3,63
vi201201.041.1,root,7650
vi201201.041.1,Bacteria,608
vi201201.041.1,HNA_Bacteria,331
vi201201.041.1,LNA_Bacteria,277
vi201201.041.1,Viruses,5238
vi201201.041.1,V1,4518
vi201201.041.1,V2,554
vi201201.041.1,V3,51
vi201201.042.1,root,2235
vi201201.042.1,Bacteria,43
vi201201.042.1,HNA_Bacteria,13
vi201201.042.1,LNA_Bacteria,30
vi201201.042.1,Viruses,1099
vi201201.042.1,V1,1017
vi201201.042.1,V2,13
vi201201.042.1,V3,0
vi201201.043.1,root,2505
vi201201.043.1,Bacteria,54
vi201201.043.1,HNA_Bacteria,16
vi201201.043.1,LNA_Bacteria,38
vi201201.043.1,Viruses,1049
vi201201.043.1,V1,1002
vi201201.043.1,V2,6
vi201201.043.1,V3,0
vi201201.044.1,root,2235
vi201201.044.1,Bacteria,30
vi201201.044.1,HNA_Bacteria,9
vi201201.044.1,LNA_Bacteria,21
vi201201.044.1,Viruses,1109
vi201201.044.1,V1,1049
vi201201.044.1,V2,8
vi201201.044.1,V3,0
vi201201.045.1,root,1815
vi201201.045.1,Bacteria,22
vi201201.045.1,HNA_Bacteria,2
vi201201.045.1,LNA_Bacteria,20
vi201201.045.1,Viruses,1032
vi201201.045.1,V1,989
vi201201.045.1,V2,3
vi201201.045.1,V3,0
vi201201.052.1,root,43305
vi201201.052.1,Bacteria,5512
vi201201.052.1,HNA_Bacteria,2565
vi201201.052.1,LNA_Bacteria,2926
vi201201.052.1,Viruses,29333
vi201201.052.1,V1,26422
vi201201.052.1,V2,2240
vi201201.052.1,V3,92
vi201201.053.1,root,38820
vi201201.053.1,Bacteria,5680
vi201201.053.1,HNA_Bacteria,2530
vi201201.053.1,LNA_Bacteria,3136
vi201201.053.1,Viruses,24617
vi201201.053.1,V1,22189
vi201201.053.1,V2,1943
vi201201.053.1,V3,63
vi201201.054.1,root,39570
vi201201.054.1,Bacteria,5696
vi201201.054.1,HNA_Bacteria,2624
vi201201.054.1,LNA_Bacteria,3047
vi201201.054.1,Viruses,26881
vi201201.054.1,V1,24302
vi201201.054.1,V2,1987
vi201201.054.1,V3,63
vi201201.055.1,root,43545
vi201201.055.1,Bacteria,5679
vi201201.055.1,HNA_Bacteria,2655
vi201201.055.1,LNA_Bacteria,2995
vi201201.055.1,Viruses,29140
vi201201.055.1,V1,26400
vi201201.055.1,V2,2133
vi201201.055.1,V3,101
vi201201.056.1,root,35880
vi201201.056.1,Bacteria,5455
vi201201.056.1,HNA_Bacteria,2458
vi201201.056.1,LNA_Bacteria,2978
vi201201.056.1,Viruses,21788
vi201201.056.1,V1,19551
vi201201.056.1,V2,1729
vi201201.056.1,V3,72
vi201201.057.1,root,42450
vi201201.057.1,Bacteria,5624
vi201201.057.1,HNA_Bacteria,2557
vi201201.057.1,LNA_Bacteria,3040
vi201201.057.1,Viruses,28210
vi201201.057.1,V1,25220
vi201201.057.1,V2,2252
vi201201.057.1,V3,76
VI210623.070.1,root,2325
VI210623.070.1,Bacteria,43
VI210623.070.1,HNA_Bacteria,27
VI210623.070.1,LNA_Bacteria,15
VI210623.070.1,Viruses,1764
VI210623.070.1,V1,1672
VI210623.070.1,V2,74
VI210623.070.1,V3,2
VI210623.071.1,root,2205
VI210623.071.1,Bacteria,29
VI210623.071.1,HNA_Bacteria,21
VI210623.071.1,LNA_Bacteria,8
VI210623.071.1,Viruses,1821
VI210623.071.1,V1,1753
VI210623.071.1,V2,52
VI210623.071.1,V3,6
VI210623.072.1,root,720
VI210623.072.1,Bacteria,12
VI210623.072.1,HNA_Bacteria,3
VI210623.072.1,LNA_Bacteria,9
VI210623.072.1,Viruses,380
VI210623.072.1,V1,345
VI210623.072.1,V2,26
VI210623.072.1,V3,5
VI210623.073.1,root,585
VI210623.073.1,Bacteria,17
VI210623.073.1,HNA_Bacteria,7
VI210623.073.1,LNA_Bacteria,9
VI210623.073.1,Viruses,255
VI210623.073.1,V1,234
VI210623.073.1,V2,17
VI210623.073.1,V3,1
VI210623.074.1,root,47985
VI210623.074.1,Bacteria,44
VI210623.074.1,HNA_Bacteria,21
VI210623.074.1,LNA_Bacteria,20
VI210623.074.1,Viruses,45243
VI210623.074.1,V1,28561
VI210623.074.1,V2,14831
VI210623.074.1,V3,1448
VI210623.075.1,root,48450
VI210623.075.1,Bacteria,48
VI210623.075.1,HNA_Bacteria,22
VI210623.075.1,LNA_Bacteria,25
VI210623.075.1,Viruses,44451
VI210623.075.1,V1,27573
VI210623.075.1,V2,14930
VI210623.075.1,V3,1456
VI210623.076.1,root,45615
VI210623.076.1,Bacteria,52
VI210623.076.1,HNA_Bacteria,21
VI210623.076.1,LNA_Bacteria,30
VI210623.076.1,Viruses,41889
VI210623.076.1,V1,26055
VI210623.076.1,V2,14044
VI210623.076.1,V3,1402
VI210623.077.1,root,36180
VI210623.077.1,Bacteria,74
VI210623.077.1,HNA_Bacteria,11
VI210623.077.1,LNA_Bacteria,63
VI210623.077.1,Viruses,32431
VI210623.077.1,V1,19923
VI210623.077.1,V2,10883
VI210623.077.1,V3,1004
VI210623.078.1,root,35280
VI210623.078.1,Bacteria,44
VI210623.078.1,HNA_Bacteria,14
VI210623.078.1,LNA_Bacteria,28
VI210623.078.1,Viruses,33645
VI210623.078.1,V1,20438
VI210623.078.1,V2,11770
VI210623.078.1,V3,1136
VI210623.079.1,root,37410
VI210623.079.1,Bacteria,74
VI210623.079.1,HNA_Bacteria,10
VI210623.079.1,LNA_Bacteria,55
VI210623.079.1,Viruses,35314
VI210623.079.1,V1,21319
VI210623.079.1,V2,12311
VI210623.079.1,V3,1254
BA210623.080.1,root,105
BA210623.080.1,Bacteria,12
BA210623.080.1,HNA_Bacteria,5
BA210623.080.1,LNA_Bacteria,7
BA210623.080.1,Viruses,40
BA210623.080.1,V1,0
BA210623.080.1,V2,26
BA210623.080.1,V3,13
BA210623.081.1,root,45
BA210623.081.1,Bacteria,3
BA210623.081.1,HNA_Bacteria,0
BA210623.081.1,LNA_Bacteria,3
BA210623.081.1,Viruses,0
BA210623.081.1,V1,0
BA210623.081.1,V2,0
BA210623.081.1,V3,0
BA210623.082.1,root,11925
BA210623.082.1,Bacteria,406
BA210623.082.1,HNA_Bacteria,76
BA210623.082.1,LNA_Bacteria,330
BA210623.082.1,Viruses,8037
BA210623.082.1,V1,0
BA210623.082.1,V2,5095
BA210623.082.1,V3,2785
BA210623.083.1,root,13035
BA210623.083.1,Bacteria,466
BA210623.083.1,HNA_Bacteria,40
BA210623.083.1,LNA_Bacteria,424
BA210623.083.1,Viruses,7971
BA210623.083.1,V1,0
BA210623.083.1,V2,5179
BA210623.083.1,V3,2583
BA210623.084.1,root,13875
BA210623.084.1,Bacteria,594
BA210623.084.1,HNA_Bacteria,53
BA210623.084.1,LNA_Bacteria,540
BA210623.084.1,Viruses,7575
BA210623.084.1,V1,0
BA210623.084.1,V2,4860
BA210623.084.1,V3,2549
BA210623.085.1,root,11145
BA210623.085.1,Bacteria,578
BA210623.085.1,HNA_Bacteria,62
BA210623.085.1,LNA_Bacteria,515
BA210623.085.1,Viruses,5754
BA210623.085.1,V1,0
BA210623.085.1,V2,3545
BA210623.085.1,V3,1960
BA210623.086.1,root,8160
BA210623.086.1,Bacteria,347
BA210623.086.1,HNA_Bacteria,61
BA210623.086.1,LNA_Bacteria,284
BA210623.086.1,Viruses,6128
BA210623.086.1,V1,0
BA210623.086.1,V2,3981
BA210623.086.1,V3,2019
BA210623.087.1,root,9105
BA210623.087.1,Bacteria,478
BA210623.087.1,HNA_Bacteria,52
BA210623.087.1,LNA_Bacteria,423
BA210623.087.1,Viruses,6115
BA210623.087.1,V1,0
BA210623.087.1,V2,3733
BA210623.087.1,V3,2157
VI210623.088.1,root,1140
VI210623.088.1,Bacteria,19
VI210623.088.1,HNA_Bacteria,7
VI210623.088.1,LNA_Bacteria,11
VI210623.088.1,Viruses,581
VI210623.088.1,V1,513
VI210623.088.1,V2,46
VI210623.088.1,V3,4
VI210623.089.1,root,1110
VI210623.089.1,Bacteria,43
VI210623.089.1,HNA_Bacteria,28
VI210623.089.1,LNA_Bacteria,14
VI210623.089.1,Viruses,592
VI210623.089.1,V1,541
VI210623.089.1,V2,25
VI210623.089.1,V3,2
VI210623.090.1,root,720
VI210623.090.1,Bacteria,20
VI210623.090.1,HNA_Bacteria,9
VI210623.090.1,LNA_Bacteria,9
VI210623.090.1,Viruses,332
VI210623.090.1,V1,304
VI210623.090.1,V2,20
VI210623.090.1,V3,1
VI210623.091.1,root,630
VI210623.091.1,Bacteria,20
VI210623.091.1,HNA_Bacteria,12
VI210623.091.1,LNA_Bacteria,8
VI210623.091.1,Viruses,268
VI210623.091.1,V1,245
VI210623.091.1,V2,12
VI210623.091.1,V3,1
VI210623.092.1,root,14490
VI210623.092.1,Bacteria,857
VI210623.092.1,HNA_Bacteria,430
VI210623.092.1,LNA_Bacteria,408
VI210623.092.1,Viruses,10960
VI210623.092.1,V1,6721
VI210623.092.1,V2,3566
VI210623.092.1,V3,491
VI210623.093.1,root,14430
VI210623.093.1,Bacteria,908
VI210623.093.1,HNA_Bacteria,453
VI210623.093.1,LNA_Bacteria,447
VI210623.093.1,Viruses,10804
VI210623.093.1,V1,6627
VI210623.093.1,V2,3546
VI210623.093.1,V3,474
VI210623.094.1,root,13980
VI210623.094.1,Bacteria,783
VI210623.094.1,HNA_Bacteria,404
VI210623.094.1,LNA_Bacteria,372
VI210623.094.1,Viruses,10690
VI210623.094.1,V1,6470
VI210623.094.1,V2,3552
VI210623.094.1,V3,508
VI210623.095.1,root,15105
VI210623.095.1,Bacteria,852
VI210623.095.1,HNA_Bacteria,422
VI210623.095.1,LNA_Bacteria,423
VI210623.095.1,Viruses,11557
VI210623.095.1,V1,7317
VI210623.095.1,V2,3523
VI210623.095.1,V3,499
VI210623.096.1,root,13935
VI210623.096.1,Bacteria,805
VI210623.096.1,HNA_Bacteria,414
VI210623.096.1,LNA_Bacteria,374
VI210623.096.1,Viruses,11089
VI210623.096.1,V1,6969
VI210623.096.1,V2,3518
VI210623.096.1,V3,471
VI210623.097.1,root,14400
VI210623.097.1,Bacteria,810
VI210623.097.1,HNA_Bacteria,385
VI210623.097.1,LNA_Bacteria,408
VI210623.097.1,Viruses,11621
VI210623.097.1,V1,7381
VI210623.097.1,V2,3610
VI210623.097.1,V3,471
VI210623.098.1,root,13485
VI210623.098.1,Bacteria,754
VI210623.098.1,HNA_Bacteria,356
VI210623.098.1,LNA_Bacteria,384
VI210623.098.1,Viruses,10333
VI210623.098.1,V1,6721
VI210623.098.1,V2,2973
VI210623.098.1,V3,439
VI210623.099.1,root,15720
VI210623.099.1,Bacteria,786
VI210623.099.1,HNA_Bacteria,386
VI210623.099.1,LNA_Bacteria,390
VI210623.099.1,Viruses,11655
VI210623.099.1,V1,7710
VI210623.099.1,V2,3296
VI210623.099.1,V3,486
VI210623.100.1,root,15105
VI210623.100.1,Bacteria,761
VI210623.100.1,HNA_Bacteria,406
VI210623.100.1,LNA_Bacteria,345
VI210623.100.1,Viruses,12569
VI210623.100.1,V1,8137
VI210623.100.1,V2,3724
VI210623.100.1,V3,577
BA210623.101.1,root,45
BA210623.101.1,Bacteria,4
BA210623.101.1,HNA_Bacteria,0
BA210623.101.1,LNA_Bacteria,4
BA210623.101.1,Viruses,0
BA210623.101.1,V1,0
BA210623.101.1,V2,0
BA210623.101.1,V3,0
BA210623.102.1,root,45
BA210623.102.1,Bacteria,7
BA210623.102.1,HNA_Bacteria,2
BA210623.102.1,LNA_Bacteria,4
BA210623.102.1,Viruses,1
BA210623.102.1,V1,0
BA210623.102.1,V2,1
BA210623.102.1,V3,0
BA210623.103.1,root,8145
BA210623.103.1,Bacteria,1837
BA210623.103.1,HNA_Bacteria,896
BA210623.103.1,LNA_Bacteria,934
BA210623.103.1,Viruses,2176
BA210623.103.1,V1,0
BA210623.103.1,V2,1263
BA210623.103.1,V3,833
BA210623.104.1,root,8085
BA210623.104.1,Bacteria,1872
BA210623.104.1,HNA_Bacteria,959
BA210623.104.1,LNA_Bacteria,908
BA210623.104.1,Viruses,2068
BA210623.104.1,V1,0
BA210623.104.1,V2,1318
BA210623.104.1,V3,685
BA210623.105.1,root,8355
BA210623.105.1,Bacteria,2005
BA210623.105.1,HNA_Bacteria,971
BA210623.105.1,LNA_Bacteria,1031
BA210623.105.1,Viruses,2448
BA210623.105.1,V1,0
BA210623.105.1,V2,1422
BA210623.105.1,V3,930
BA210623.106.1,root,7995
BA210623.106.1,Bacteria,1883
BA210623.106.1,HNA_Bacteria,955
BA210623.106.1,LNA_Bacteria,922
BA210623.106.1,Viruses,2123
BA210623.106.1,V1,0
BA210623.106.1,V2,1301
BA210623.106.1,V3,748
BA210623.107.1,root,7470
BA210623.107.1,Bacteria,1921
BA210623.107.1,HNA_Bacteria,985
BA210623.107.1,LNA_Bacteria,928
BA210623.107.1,Viruses,2320
BA210623.107.1,V1,0
BA210623.107.1,V2,1482
BA210623.107.1,V3,780
BA210623.108.1,root,7365
BA210623.108.1,Bacteria,1956
BA210623.108.1,HNA_Bacteria,1001
BA210623.108.1,LNA_Bacteria,947
BA210623.108.1,Viruses,2432
BA210623.108.1,V1,0
BA210623.108.1,V2,1573
BA210623.108.1,V3,811
BA210623.109.1,root,7560
BA210623.109.1,Bacteria,1946
BA210623.109.1,HNA_Bacteria,957
BA210623.109.1,LNA_Bacteria,984
BA210623.109.1,Viruses,2204
BA210623.109.1,V1,0
BA210623.109.1,V2,1354
BA210623.109.1,V3,781
BA210623.110.1,root,10365
BA210623.110.1,Bacteria,2170
BA210623.110.1,HNA_Bacteria,999
BA210623.110.1,LNA_Bacteria,1164
BA210623.110.1,Viruses,2650
BA210623.110.1,V1,0
BA210623.110.1,V2,1668
BA210623.110.1,V3,933
BA210623.111.1,root,7005
BA210623.111.1,Bacteria,1868
BA210623.111.1,HNA_Bacteria,1032
BA210623.111.1,LNA_Bacteria,832
BA210623.111.1,Viruses,2644
BA210623.111.1,V1,0
BA210623.111.1,V2,1617
BA210623.111.1,V3,961
VI210623.112.1,root,780
VI210623.112.1,Bacteria,13
VI210623.112.1,HNA_Bacteria,3
VI210623.112.1,LNA_Bacteria,10
VI210623.112.1,Viruses,345
VI210623.112.1,V1,291
VI210623.112.1,V2,44
VI210623.112.1,V3,2
VI210623.113.1,root,675
VI210623.113.1,Bacteria,10
VI210623.113.1,HNA_Bacteria,3
VI210623.113.1,LNA_Bacteria,5
VI210623.113.1,Viruses,277
VI210623.113.1,V1,241
VI210623.113.1,V2,20
VI210623.113.1,V3,6
VI210623.114.1,root,750
VI210623.114.1,Bacteria,21
VI210623.114.1,HNA_Bacteria,12
VI210623.114.1,LNA_Bacteria,7
VI210623.114.1,Viruses,279
VI210623.114.1,V1,219
VI210623.114.1,V2,46
VI210623.114.1,V3,8
VI210623.115.1,root,540
VI210623.115.1,Bacteria,7
VI210623.115.1,HNA_Bacteria,2
VI210623.115.1,LNA_Bacteria,5
VI210623.115.1,Viruses,197
VI210623.115.1,V1,182
VI210623.115.1,V2,10
VI210623.115.1,V3,0
VI210623.116.1,root,16275
VI210623.116.1,Bacteria,726
VI210623.116.1,HNA_Bacteria,394
VI210623.116.1,LNA_Bacteria,318
VI210623.116.1,Viruses,11901
VI210623.116.1,V1,7953
VI210623.116.1,V2,3160
VI210623.116.1,V3,510
VI210623.117.1,root,14610
VI210623.117.1,Bacteria,683
VI210623.117.1,HNA_Bacteria,388
VI210623.117.1,LNA_Bacteria,285
VI210623.117.1,Viruses,11740
VI210623.117.1,V1,7691
VI210623.117.1,V2,3311
VI210623.117.1,V3,522
VI210623.118.1,root,14250
VI210623.118.1,Bacteria,690
VI210623.118.1,HNA_Bacteria,385
VI210623.118.1,LNA_Bacteria,300
VI210623.118.1,Viruses,11436
VI210623.118.1,V1,7368
VI210623.118.1,V2,3370
VI210623.118.1,V3,536
VI210623.119.1,root,14640
VI210623.119.1,Bacteria,678
VI210623.119.1,HNA_Bacteria,368
VI210623.119.1,LNA_Bacteria,302
VI210623.119.1,Viruses,11174
VI210623.119.1,V1,7388
VI210623.119.1,V2,3129
VI210623.119.1,V3,472
VI210623.120.1,root,11880
VI210623.120.1,Bacteria,713
VI210623.120.1,HNA_Bacteria,389
VI210623.120.1,LNA_Bacteria,317
VI210623.120.1,Viruses,8017
VI210623.120.1,V1,5498
VI210623.120.1,V2,2027
VI210623.120.1,V3,337
VI210623.121.1,root,14115
VI210623.121.1,Bacteria,732
VI210623.121.1,HNA_Bacteria,385
VI210623.121.1,LNA_Bacteria,335
VI210623.121.1,Viruses,10721
VI210623.121.1,V1,7041
VI210623.121.1,V2,3065
VI210623.121.1,V3,455
VI210623.122.1,root,13110
VI210623.122.1,Bacteria,760
VI210623.122.1,HNA_Bacteria,422
VI210623.122.1,LNA_Bacteria,330
VI210623.122.1,Viruses,10621
VI210623.122.1,V1,7067
VI210623.122.1,V2,2926
VI210623.122.1,V3,474
VI210623.123.1,root,14610
VI210623.123.1,Bacteria,732
VI210623.123.1,HNA_Bacteria,400
VI210623.123.1,LNA_Bacteria,318
VI210623.123.1,Viruses,11336
VI210623.123.1,V1,7638
VI210623.123.1,V2,3059
VI210623.123.1,V3,458
VI210623.124.1,root,14325
VI210623.124.1,Bacteria,742
VI210623.124.1,HNA_Bacteria,401
VI210623.124.1,LNA_Bacteria,329
VI210623.124.1,Viruses,11290
VI210623.124.1,V1,7637
VI210623.124.1,V2,2990
VI210623.124.1,V3,485
BA210623.125.1,root,75
BA210623.125.1,Bacteria,22
BA210623.125.1,HNA_Bacteria,5
BA210623.125.1,LNA_Bacteria,17
BA210623.125.1,Viruses,4
BA210623.125.1,V1,0
BA210623.125.1,V2,0
BA210623.125.1,V3,1
BA210623.126.1,root,60
BA210623.126.1,Bacteria,13
BA210623.126.1,HNA_Bacteria,2
BA210623.126.1,LNA_Bacteria,10
BA210623.126.1,Viruses,1
BA210623.126.1,V1,0
BA210623.126.1,V2,1
BA210623.126.1,V3,0
BA210623.127.1,root,8565
BA210623.127.1,Bacteria,1739
BA210623.127.1,HNA_Bacteria,916
BA210623.127.1,LNA_Bacteria,816
BA210623.127.1,Viruses,2012
BA210623.127.1,V1,0
BA210623.127.1,V2,1166
BA210623.127.1,V3,725
BA210623.128.1,root,7455
BA210623.128.1,Bacteria,1653
BA210623.128.1,HNA_Bacteria,881
BA210623.128.1,LNA_Bacteria,767
BA210623.128.1,Viruses,2298
BA210623.128.1,V1,0
BA210623.128.1,V2,1314
BA210623.128.1,V3,906
BA210623.129.1,root,7365
BA210623.129.1,Bacteria,1735
BA210623.129.1,HNA_Bacteria,890
BA210623.129.1,LNA_Bacteria,840
BA210623.129.1,Viruses,2490
BA210623.129.1,V1,0
BA210623.129.1,V2,1464
BA210623.129.1,V3,951
BA210623.130.1,root,7785
BA210623.130.1,Bacteria,1715
BA210623.130.1,HNA_Bacteria,897
BA210623.130.1,LNA_Bacteria,812
BA210623.130.1,Viruses,2084
BA210623.130.1,V1,0
BA210623.130.1,V2,1168
BA210623.130.1,V3,818
BA210623.131.1,root,9000
BA210623.131.1,Bacteria,1804
BA210623.131.1,HNA_Bacteria,911
BA210623.131.1,LNA_Bacteria,885
BA210623.131.1,Viruses,2391
BA210623.131.1,V1,0
BA210623.131.1,V2,1446
BA210623.131.1,V3,852
BA210623.132.1,root,7980
BA210623.132.1,Bacteria,1738
BA210623.132.1,HNA_Bacteria,908
BA210623.132.1,LNA_Bacteria,825
BA210623.132.1,Viruses,2350
BA210623.132.1,V1,0
BA210623.132.1,V2,1386
BA210623.132.1,V3,890
BA210623.133.1,root,5700
BA210623.133.1,Bacteria,1772
BA210623.133.1,HNA_Bacteria,988
BA210623.133.1,LNA_Bacteria,779
BA210623.133.1,Viruses,1997
BA210623.133.1,V1,0
BA210623.133.1,V2,1115
BA210623.133.1,V3,798
BA210623.134.1,root,7755
BA210623.134.1,Bacteria,1966
BA210623.134.1,HNA_Bacteria,1030
BA210623.134.1,LNA_Bacteria,920
BA210623.134.1,Viruses,2286
BA210623.134.1,V1,0
BA210623.134.1,V2,1309
BA210623.134.1,V3,926
